page,headword_khowar,transliteration,part_of_speech,english_gloss,example_no,example_khowar,example_english,
1,ابَاد,abád,adj,"settled, inhabited",1,ہیس دورو اباد اریر۔,He got the house settled and functioning properly.,
1,اپَاک,apák,n,mouth; leather pocket of slingshot which holds stone,1,ڈقو اپاک ݯھموران,The boy's mouth is hurting.,
1,اپَاک,apák,n,mouth; leather pocket of slingshot which holds stone,2,ای اپاک  لو دی نو پراے۔,He/she didn't even say a single sentence.,
1,اپَاک,apák,n,mouth; leather pocket of slingshot which holds stone,3,تہ اپاک زوالو۔,Your mouth is sweet.,
1,اتروݯیک,utruc̣ík,vi,"to tear, rip",1,مہ پیٹیک ا ترو ݯی شیر۔,My scarf is torn.,
1,اتیک,utík,vi,"to enter, go into",1,ہیس رغیشٹی دوری اتیتاے۔,He/She went into the house early.,
1,اتیک,utík,vi,"to enter, go into",2,دکانی ݯھوغ اتیتاے۔,A thief broke into the shop.,
1,اچوغن,učóγun,adj,"liquid (flowing, rather than solid or very viscous)",1,اُچوغُن شیاق کورے۔,Make thin mud.,
1,اچوغن,učóγun,adj,"liquid (flowing, rather than solid or very viscous)",2,"اچوغنیو مَتے دیت، ݱاقیو تو پِیے۔",Give me the thin liquid part; you drink the thick part.,
1,اڅ,uts,n,spring,1,سونوغرا اُڅ بو شینی۔,There are many springs in Sonoghor.,
1,ادراخ,adráx,n,"hillside, mountain slope which has usable resources",1,پایان گنی اَدراختو بیمان۔,I am taking the goats to the hillside.,
1,ادَینا,adiná,n,Friday,1,ادینا دوݰ اوشوے۔,Friday was yesterday.,
1,ارَقا,arqá,n,upper back,1, مہ ارقا ݯھموران۔ ,My back is hurting.,
1,ارَقا,arqá,n,upper back,2,ارقا کوچھاوے۔,Scratch my back.,
1,اڑَوک,aɫók,n,pumpkin,1,اڑوک شخ نو کوسانا؟,Aren't you going to make pumpkin curry?,
2,اڑَی,áɫi,n,duck,1,اڑیو خون اڑیو گیردانہ۔,The murder of a duck is its own fault.,
2,اڑَی,áɫi,n,duck,2,ہیہ سال اڑی نو ہانی۔,This year the ducks haven't come.,
2,اژَیک,ažík,vi,to be born,1,اژیلی اژیکو بومبراکی کوسی۔,On the birth of a baby we congratulate each other.,
2,اݱَغال,aẓγál,n,wife (honorific),1,تہ ژاو اݱغالداری اریرا؟,Has your son gotten married?,
2,اݱَغال,aẓγál,n,wife (honorific),2,جم اݱغال موشو زِندگی۔,A good wife is a man's life.,
2,اسپرو,isprú,n,blossoms; smallpox,1,ژوڑی اِسپرو کوری شینی۔,The apricot trees have blossomed.,
2,اسپرو,isprú,n,blossoms; smallpox,2,ڈقوسو اسپرو نِسانی۔,The boy has smallpox.,
2,اسپسار,ispusár,n,sister,1,اِسپُسار دُوری اسورا؟,Is my younger sister at home?,We need to check the 2nd setence after it on page 2 setence 1 from right side.
2,اسپہ,ispá,adj; pron,"our; we, us",1, اِسپہ ژغہ بو اُݰاک۔,Our region is very cold.,
2,اسپہ,ispá,adj; pron,"our; we, us",2,اِسپہ گوسیان۔,We are coming.,
2,استاد,ustád,n,carpenter,1,استاد دار تَچھیران۔,The carpenter is smoothing the wood with an adze.,
2,استاذ,ustáz,n,teacher,1,اُستاذ سَباق ݯیݯھیران۔,The teacher is teaching a lesson.,
2,اسَتری,istrí,adj,"female, feminine",1,پاے اِستری چھانی اریر۔,The goat gave birth to a female kid.,
2,اسَتور,istór,n,horse,1,اِستور ہَلیئک گِران بیتی شیر۔,It has become expensive to keep a horse.,
3,اسَقار,asqár,n,lungs,1,پوُشی اَسقاری ݯوکی بوہت ہوے۔,The cat grabbed hold of the lungs of a slaughtered animal.,
3,اسَقان,asqán,adj,easy,1,لُو دیک اسقان کوریک گِران۔,"It is easy to talk, but it is hard to actually do something.",
3,اسکوردی,iskúrdi,adj,short,1,مہ پیران اِسکُوردی۔,My shirt is short.,
3,اسَکوََردی,iskurdí,n,shortness;,1,پیران مَت اَسکُوردی اریر۔,The shirt was too short for me.,
3,اسَمان,asmán,n,sky,1,اسمان ݱَنگ زمین ڈَنگ۔,The sky is high and the ground is hard.,
3,اسنیک,usneék,vi,to swim,1,ڈق چھتو اُسنینیان۔,The boys are swimming in the pond.,
3,اسنیئک,usnéik,vt,to lift,1,ہیہ بوہتو اُسنیئکو بوسا؟,Can you lift this rock?,
3,اشَپاشور,išpašúr,n,father-in-law,1,اِشپاشوُر گیتی بغاے۔,His/her/my father-in-law came and  left.,
3,اشَپریشی,išpreší,n,mother-in-law,1,اِشپریشی اوچے رُوژایو جنجال پَرانوُ۔,The quarrel between mother-in-law and daughter-in-law is old.,
3,اشَپریشی,išpreší,n,mother-in-law,2,رُوژایو اِشپریشیوتے خذمَت کوے۔,A daughter-in-law serves her mother-in-law.,
3,اشَپیرو,išpéru,adj,white,1,بو روے اِشپیرو رنگوخوشینی۔,Many people like white color.,
3,اشَپیرو,išpéru,adj,white,2,اِشپیرو پھَکوڑ جَم اِشناری۔,A white Chitrali hat is a nice thing.,
3,اشَترَوخیک,ištruxík,vi,to sneeze; to feel deprivation,1,چھوُیو روشت دیکہ پَت اِشترُوخیتام۔۔,Last night I sneezed all night.,
3,اشٹوریک,ušṭurík,vi,"to run away, escape",1,ݯھوغ پولُوسو موڑار اُشٹورتاے۔,The thief escaped from the police.,
4,اشَٹوک,išṭók,n,"play, game; dancing",1,ڈَق اِشٹوک کونیان۔,The boys are playing.,
4,اشَرو,ašrú,n,tears,1,اَشروُان غوݯار کوری مہ نسہ ہاے,Weeping a waterfall of tears he/she came to me.,
4,اشَلاک,išlák,adj,"unfermented, unleavened",1,چَپوتی اِشلاک بیراے۔ مہ ژارے نو ہوے۔,The bread turned out to be unleavened; I wasn't able to digest it.,
4,اشلوغ,išloóγ,n,"story, tale (see",,,,
4,اشَلوک,išlók,n,"piece, shaving, chip (of wood)",1,تروے اِشلوکان سورا چاے لوچھیتاے۔,Tea was made with three chips of wood.,
4,اشلوک,išlúk,adj,"dried up (of animal no longer giving milk, or of a spring or canal in which water is no longer flowing)",1,بݯھوڑ لیشوؤ دیئی اِشلُوک کاردُو۔,The calf sucked the cow dry.,
4,اشلیک,išlík,adj,smooth,1,جم اِشلیک دارو گَناس انگیے۔,Bring a nice smooth piece of wood.,
4,اشناری,išnári,n,thing,1,کیہ اِشناری مت دوسانا؟,Do you want to give me something?,
4,اݰَاک,uṣák,adj; n,cold,1,چھوُیو مہ اُݰاک اریر۔,Last night I felt cold.,
4,اݰَکما,iṣkamaá,n,stomach,1,ڈَقو اِݰکما ݯھَموُران۔,The boy's stomach is hurting.,
4,اݰَکما,iṣkamaá,n,stomach,2,ہے موشو اِݰکَما ݯھَموُران۔,That man's stomach is hurting.,
4,اف,af,adv,down (away from speaker),1,اُوغ اَف بیران۔,The water is flowing down.,
4,الو,alú,n,potato,1,اُلو مَدَ گلاشٹہ جَم بونی۔,Potatoes grow well in Madaglasht.,
4,الیک,alík,vt,1) to take away; (2) to marry,1,تھُویکو اَلیکو بوسا؟,Can you carry the rifle?,
4,الیک,alík,vt,1) to take away; (2) to marry,2, کُومورُو ڈقو اَلیکو نو زوئیتاے۔,The girl refused to marry the boy.,
5,امَبوہ,ambóh,adj,many,1,اَمبوہ ائیکُون نو لیتام۔,I didn't find many eggs.,
5,امو,ámu,adj,"raw, uncooked; n gap left unintentionally between furrows when plowing",1,حلوا اموُ بیراے۔,The halwa is not thoroughly cooked.,
5,امو,ámu,adj,"raw, uncooked; n gap left unintentionally between furrows when plowing",2," اَمو نو کوری ِکݰے، خاے۔","Plow without leaving any gaps, okay.",
5,ان,an,n,high mountain slopes,1,انتو سَخت ݰئیلی گَمبور یشینی۔,There are extremely beautiful flowers on the high mountain slopes.,
5,انَداو,andáʋ,n,fever,1,مہ میکی انداو ژُونی بیتی اسوُر۔,My uncle has a fever.,
5,انَزیئک,anzéik,vt,to send (non-human object),1,اوا نِݰان انزیتام۔,I sent a gift.,
5,انَزیئک,anzéik,vt,to send (non-human object),2,مہ برارمتے استور انزیتاے۔,My brother sent me a horse.,
5,انَگار,angár,n,fire,1,انگار بوغدو بیراے۔,The fire has gone out.,
5,انَگیک,angík,vt,to bring (animate or inanimate object),1,ہَسے کیہ پایسہ انگیکو بیتایا؟,Was he/she able to bring any money?,
5,اوَا,aʋá,pron,I,1,اوا ہنوُن گیتی اسوم۔,I have come today.,
5,اوچوہتی,očóhti,adv,"three days before today (day before day before yesterday) (Torkhow and Mulkhow), four days ago (Mastuj)",1,جمعہ اوچوہتی اوشوے۔,Friday was three days before today.,
5,اوچے,očé,conj,and,1,اوا اوچے مہ دینار کھاڑ ای بارَبر بیروُا۔,Would that I and my beloved were of like mind.,
5,اوݯ,oc̣,adj,"green, blue",1,گاز اوݯ بیتی شینی۔,The grass has become green.,
5,اوڑین,oɫín,n,a variety of millet,1,اوڑین ژوُتی کَہاک جم ائیکون درینی۔,"Eating millet, hens lay eggs well.",
6,اوغ,uγ,n,water,1,اُوغ لَچھُوران۔,The water is boiling.,
6,اونشٹ,õšṭ,adj,eight,1,اونشٹ انا چاے بیراے۔,Tea was eight annas.,
6,اوہتیری,ohtíri,adv,"day before yesterday (Torkhow and Mulkhow), three days ago (Mastuj)",1,اوہتیری بوݰی اوشوے۔,It rained the day before yesterday.,
6,اوہڅ,ohts,n,bear,1,اوہڅ دَوسی موچیئی۔,"Having caught a bear, to make it into a blacksmith.",
6,اہَتی,ahtí,adj,"satisfied, with a full stomach",1,اہتی نو ہوتام۔,I didn't get enough to fill my stomach.,
6,ای,i,adj,one,1,مہ اِی برار مہ سار لوٹ اِی څیق۔,One of my brothers is older than me; the other is younger.,
6,ایکَما,i kamaá,adj,"quantifier) a few, some",1,ای کما ژون نوما گونی۔,A few persons have not yet turned up.,
6,ائَیکون,aíkun,n,egg,1,کہاک ائیکون دریتاے۔,The hen laid an egg.,
6,ایَہ,áyh,adv,up (away from speaker),1,شاپیرایہ بیران۔,The wolf is going up.,
6,ایواک,iʋaák,n,root,1,ایواکان نیزی پلیتاے۔,He/She pulled out the roots and burned them.,
6,ایَی,ayí,n,snake,1," ایی بیر، بیرَماڑوتے۔",A snake goes only to its own nest.,
6,بار,bar,n,"1) load, burden; (2) skinned carcass of slaughtered animal, sent from groom’s house to bride’s house during marriage ceremonies",1,ای بار دارو شور روپیا کَونیان۔,They sell one load of wood for Rs.100.,
6,بار,bar,n,"1) load, burden; (2) skinned carcass of slaughtered animal, sent from groom’s house to bride’s house during marriage ceremonies",2,توخمیران پونج بار مݰکیتاے۔,My in-law asked for five slaughtered animals.,
7,باردوخ,bardóx,n,axe,1,باردوخو سور ادار چھینیمان۔,I am cutting wood with an axe.,
7,باریکی,baréki,adj,"thin, narrow (of long things, e.g. stick of wood, thread, path)",1,باریکی پونین چھویو کَوسین نو بوے۔,One can't walk on narrow paths at night.,
7,بازو,bazú,n,arm,1,بازوو یی درونگاوے۔,Stretch your arm a little this way.,
7,بازوَری,bazúri,n,sleeve,1,پیرانو بازوری اسکوردی بویان۔,The sleeves of the shirt are going to be short.,
7,باسبَََائسَبََاہس,baás,n,flame,1,بائس تہ پلیر۔,The flame will burn you.,
7,باو,baʋ,n,bundle (of plant parts or products),1,باو جوݰ بیشیر روپیہ۔,A bundle of fodder is twenty rupees.,
7,بپ,bap,n,old man,1,بپ لو کَیہ پراے  چوڑیتاے۔,What the old man said was very amusing.,
7,بݯھوڑ,bac̣hoóɫ,n,calf; stupid person,1,لیشو بݯھوڑو نیویریتاے۔,The cow weaned the calf.,
7,بخ,bax,n,hole,1,چایجوش بخ ہوے۔,There is a hole in the teakettle.,
7,برار,braár,n,brother,1,برارو لوڑی اسپسارو الوس۔,Look at the brother and then marry the sister.,
7,براغیئک,braγéik,vi,to bleat,1,کیڑی براغیئکو خبار ہوتام۔,When the sheep bleated I became alert.,
7,بران,bran,n,male sheep,1,انو بران ادراخہ کھل بیتی اسونی۔,Wild sheep have become extinct on the mountain slopes.,
7,برو,bru,n,eyebrows,1,برو دش روئی شینی۔,His/Her eyebrows have grown too much.,
7,بروک,bruk,n,kidney,1,بروک ݯھومیکو اسپتالوت بغاے۔,When his kidney pained him he went to the hospital.,
8,برول,brol,adj,numb,1,داربت ݯَھامیئکار اچی زخم برول ہوے۔,After hurting for a little while the wound became numb.,
8,برون,bron,n,ridge between fields,1,برونہ توری خور۔ موڑی خور۔,On top of the ridge is one thing; on the bottom is another.,
8,بریژایو,brežáyu,n,"sister-in-law (husband's sister, wife's sister, brother's wife)",1,بریژایگینی بوعزت کونی۔,Sisters-in-law pay one a lot of respect.,
8,بریک,brik,vi,to die,1,جہازار یو غیری اوبریتاے۔,He/She died in a plane crash.,
8,بریک,brik,vi,to die,2,بریک خبار کوری نو گَوے۔,Death does not inform one before coming.,
8,برینیَک,breník,vt,"to shear, cut hair",1,کیڑیان برینیتاے۔,He/She sheared the sheep.,
8,بڑَانگ,bɫaáng,n,open space/gap in a forest or hedge,1,لوو کہاکو گانی ای بڑانگین نسی ڑوپ اریر۔,The fox took the hen and escaped through a gap.,
8,بڑَڅ,bɫats,adj,"short, dwarf",1,بڑڅ ڈقان فوجہ نو گانینیان۔,They don't take short boys in the army.,
8,بڑوک,bɫok,n,bud,1,گمبوریو بڑوکان چھینیکو مو لاکے۔,Don't let anyone pick the buds of the flower.,
8,بڑیئک,baɫéik,vt,to defeat,1,پہلوان سفانتے بڑیتاے۔,The wrestler defeated all of them.,
8,بزبار,bizbár,n,eagle,1,بزبار کہاکو اواے۔,The eagle took away the hen.,
8,بس,bas,interjection,enough!; n. bus; n. day,1,بس نو ژیبومان۔,That's enough - I don't want to eat.,
8,بشار,bašár,n,"question, inquiry",1,مہ سار بشار نو اریر۔,He/She didn't ask me.,
9,بشونو,bašónu,n,song,1,پرانو بشونو روخڅونو بیتی شینی۔,The old songs have been forgotten.,
9,بݰ,baṣ,n,"part, share, portion",1,ژوروت بݰ اواے۔,He/She took her/his daughter's share to her.,
9,بݰ,baṣ,n,"part, share, portion",2,ݯھیترو جو بݰ ارینی۔,They divided the field into two parts.,
9,بݰ,baṣ,adj,"to be done, worth doing",1,دشل نَو کَوریکو بݰ۔,Verbal abuse is not worthy of being done.,
9,بݰیک,baṣék,n,trust,1,مہ سار بݰیک نو اریر۔,He/She didn't trust me.,
9,بک,buk,n,throat (from inside),1,بک ݯھموران۔,My throat is hurting.,
9,بل,bil,n,"top, lid",1,بتھالو بلو باند اروا؟,Did you close the lid of the bottle?,
9,بلپھاک,bilphák,n,hawk,1,بلپھاک کَوڑوچیو اواے۔,A hawk took away the chicken.,
9,بلپھاک,bilphák,n,lightning,1,بلپھاک کویان۔,Lightning is flashing.,
9,بلخ,blax,n,slope,1,بلخو واغ لشَٹو سارکم بوے۔,The price of sloping land is less than that of flat land.,
9,بو,bo,adv,"much, very",1,بو لو مہ خوش نو۔,I don't like too much talking.,
9,بوݯھوَݰیک,buc̣huṣík,vi,"to bloom, open (of bud)",1,بوݯھوݰیکار اچی گَمبوریو بیساوز بونی۔,After blooming a flower's seeds are formed.,
9,بوردیک,bordík,vi,to grow,1,ننو جم دیئ  اژیلی ݰاو باردور۔,"If a baby nurses well, it will grow quickly.",
9,بوَڑی,buɫí,n,birch,1,بوڑی دار کݰینی ساوزیئکوت جم۔,Birch wood is good for making plows.,
10,بوَڑیک,buɫík,vt,1) to fry; (2) to speak harshly to someone,1,پشور بوڑیکو نو اویوے۔,When he/she  fried meat he/she  did not eat it.,
10,بوَڑیک,buɫík,vt,1) to fry; (2) to speak harshly to someone,2,ملالہ گیکوتت ژاوو بوڑیتاے۔,"When the son came late, his father scolded him.",
10,بوژونی,božoní,n,"boundary line, border",1,پاکستانو اوچے افغانستانو بوژونی تورخما شیر۔,The boundary between Pakistan and Afghanistan is at Torkham.,
10,بوسک,bosk,adj,thick (of flat things like cloth),1,بوسک زپ یومونوت جم۔,Thick clothes are good for winter.,
10,بوݰیک,boṣík,vi,to rain,1,جو بسار یی باݰیران۔,It has been raining for two days.,
10,بوَغوزَو,boγúzu,n,frog,1,بوغوزو بخی بغاے۔,The frog went into a hole and vanished.,
10,بول,bol,n,"army, force",1,قدیما بول گیتی دران تالان گوراو استانی۔,In the old days armies used to plunder the houses.,
10,بول,bol,n,"army, force",2,قدیما بول گیتی دران تالان گوراوتانی۔,In the old days armies used to plunder the houses.,
10,بولموژی,bolmúži,n,earthquake,1,ہیہ سال ای دش دوڑ بولموژی اریر۔,This year there was a very severe earthquake.,
10,بولموژو,bolmúžu,n,earthquake,1,ہیہ سال ای دش دوڑ بولموژو اریر۔,This year there was a very severe earthquake.,Duplicates in the dictionary .Page 10 Right side last rows
10,بولمیژو,bolmížu,n,earthquake,1,ہیہ سال ای دش دوڑ بولمیژو اریر۔,This year there was a very severe earthquake.,
10,بوَم,buúm,n,"earth, ground",1,بوݰیکو پھولوک بوما دیتی کوئی بغاے۔,"When it rained, the drops fell on the earth and vanished.",
11,بوَمبر,búmbur,n,bumblebee,1,بومبر کہ پراے سخت ݯھمیر۔,If a bumblebee stings you it hurts severely.,
11,بومبوََریݰ,bumburéṣ,n,thunder,1,بومبوریݰ کوریکو ڈَق بہتوئیتاے۔,When it thundered the boy became frightened.,
11,بؤو,buú,n,owl,1,بوو انوسو نو پاشیر۔,Owls can't see during the day.,
11,بؤوت,boót,n,evening meal (eaten after dark),1,بوؤت ژوتی ہاتام۔,I have come after eating my evening meal.,
11,بؤوک,boók,n,wife,1,ہتوغو بوؤک پیڅھی بغاے۔,His wife left him.,
11,بؤول,boól,n,appearamce of the Pleiades and moon together,1,بوؤل بیکو چھویو سخت اݰاک بوے۔,When the Pleiades and the moon appear close to each other it is very cold on that night.,
11,بؤول,boól,n,appearamce of the Pleiades and moon together,2,بوہتین ڑووو پراے۔,He/She hit the fox with a stone.,
11,بؤول,boól,n,appearamce of the Pleiades and moon together,3,بوہتین نیتاے۔,He/She threw a stone.,
11,بوَہتوئیک,buhtuík,vi,to fear,1,ڈَق شاپیرو پوشی بوہتوئیتاے۔,The boy saw the wolf and was frightened.,
11,بوَہتوئیک,buhtuík,vi,to fear,2,شاپیر ریکو ڈَق بوہتوئیران۔,The boy is afraid of wolves.,
11,بوئیک,boík,n,bird,1,بوئیک شلیو اپھیی اوانی۔,The birds pecked the rice and took it away.,
11,بوئیک,boík,vt,to plant,1,پھوردو بوئیک مہ خوش۔,I love planting plants.,
11,بی,bi,n,seed,1,بی نو اژیتاے۔,The seed hasn't sprouted.,
11,بیچ,beč,n,aunt,1,بیچو پوشاو بی اسور۔,He/She has gone to meet his/her aunt.,
12,بیرموغ,birmóγ,n,walnut,1,ہیہ سال بیرموغان لاو بو شیر۔,This year the walnut crop is good.,
12,بیَرو,birú,n,relative,1,مہ پھتی بیرو پشاورا اباد۔,Some of my relatives are settled in Peshawar.,
12,بیری,béri,adv,outside,1,چھویو بیری نسیکو نو بویان۔,He/She can't go out at night.,
12,بیڑو,beɫú,n,"blowpipe, flute",1,بیڑوئین انگارو پھوئے۔,Blow the fire with a blowpipe.,
12,بیڑو,beɫú,n,"blowpipe, flute",2,ڈوم بیڑو بشیران۔,The Dom is playing a flute.,
12,بیڑیک,beɫík,vt,"to wrap, swaddle",1,ڈیکو بیڑی کیانی بوسان؟,Why have you wrapped your leg?,
12,بیڑیک,beɫík,vt,"to wrap, swaddle",2,ڈقو بیڑی اسوسا نو؟,Have you swaddled the boy or not?,
12,بیزار,bezár,adj,"annoyed, sick of",1,غیردی اچی گیاو مہ بیزار اریر۔,Going and coming back repeatedly he/she has annoyed me.,
12,بیزیمیک,bezemík,vt,to sell,1,ہنون کیاغ بیزیمیکو بیتاوا؟,Were you able to sell anything today?,
12,بیس,biís,n,eggs or larva of insects,1,مگاس پشورا بیس دریرو بیراے۔,Flies have laid eggs on the meat.,
12,بیشڈین,bešḍén,n,"damned, accursed place/thing (used of something strongly disliked), originally used to refer to an old graveyard, a fearsome place",1,ہیہ بیشڈینا کیہ وت خوشان نو ہوتام۔,I have never been happy in this damned place.,
12,بیشیر,bíšir,adj,twenty,1,بیشیر بٹی ژو مݰکیتاے۔,He/She asked for 20 baṭis of grain.,
12,بیک,bik,vi,"to be, become; to be able to",1,نوبیک کیہ لو۔,What utterance is not to be able.,
12,بیک,bik,vi,to go,1,بیک مݰکیسانا؟,Do you want to go?,
13,بیل,bel,n,"spade, ash scoop",1,بیلو سورا توق مت انگیے۔,Bring me some mud with a spade.,
13,بیہچیک,behčík,vi,"1) to remain, be left (behind); (2) to be tired",1,پختی بیہچیتاے۔,Rice is left.,
13,بیہچیک,behčík,vi,"1) to remain, be left (behind); (2) to be tired",2,استور بیہچیتاے۔,The horse is tired.,
13,پاٹگان,paṭigán,n,"eggplant, brinjal",1,پاٹگان شخ زوالو بوے۔,Cooked eggplant is very tasty.,
13,پاٹنَگیڑ,paṭingéɫ,n,tomato,1,پاٹنگیڑ گوغینی ہونی۔,The tomatoes have been infested by bugs.,
13,پارویزیک,parvezík,vt,1) to conclude a function or ceremony (2) to escort a departing guest to the door or road in token of regard (to see off a guest),1,خوشانیو پارویزی تھے بوغے۔,Complete the celebration and then go.,
13,پارویزیک,parvezík,vt,1) to conclude a function or ceremony (2) to escort a departing guest to the door or road in token of regard (to see off a guest),2,اوا مینوان پارویزی اچی گوم۔,I will see off the guests and come back.,
13,پاز,paz,n,chest (body part),1,داران پازہ ٹیپ کوری اواے۔,He/she took away an armful of wood.,
13,پاز,paz,n,chest (body part),2,پازو چنکوری یور انشیتاے۔,He sat bare-chested in the sun.,
13,پاغیک,paγík,vt,to sharpen (instrument or tool with blade),1,واژو پاغی الاوا؟,Have you sharpened the adze and brought it?,
13,پالم,pálum,adj,"fine, small; change (money)",1,ژوؤ پالم پیݰے۔,Grind the grain fine.,
13,پچیئک,pačéik,vt,to cook (transitive),1,یور پچیران۔,The sun is roasting me.,
13,پچھمبہ,pačhambéh,n,Thursday,1,پچھمبین نوغ دوری بینیان۔,On Thursday they are going to their new home.,
13,پختوری,paxtúri,adj; n,"sunny, sunny side of valley",1,پختوری ژغا نیامت ݰاو تریر۔,Crops ripen early in sunny places.,
14,پختی,paxtí,n,"rice (hulled, cooked), any whole boiled grain or legume",1,ژیریا پختی پچیتانی۔,They cooked rice at the celebration.,
14,پرانو,paránu,adj,old,1,پرانو ختان یو غیریتاے۔,The old house collapsed.,
14,پریچھیک,parečhík,vt,to throw away/out,1,کاغو وارغانو پریچھیتاے۔,He/She threw out the carcass of the crow.,
14,پڑَغوچھیک,puɫγočhík,vi,to become entangled in something,1,بݯھوڑ پڑغو چھیرو بیراے۔,The calf has got entangled.,
14,پژال,pažál,n,shepherd,1,پژال پایان نما انگوے۔,The shepherd hasn't yet brought the goats.,
14,پست,past,adj; adv,"low, down",1,"کھرسی ݱنگ، میز پست شیر۔",The chair is high but the table is low.,
14,پسہ,pisá,pron; adj,"you (plural); your, yours",1,پشہ کا گنی الاے؟,Who brought you?,
14,پسہ,pisá,pron; adj,"you (plural); your, yours",2,قلم پسا مہ؟,Is the pen yours or mine?,قلم پسا-مہ؟
14,پشانی,pišaní,n,forehead,1,پشانی چھوتیمان بیتی شیر۔,His/her/your forehead is smudged with dust.,
14,پشور,pušúr,n,"meat, flesh",1,پشور نو پوچیرو بیراے۔,The meat is not fully cooked.,
14,پشَین,pišín,n,afternoon (approximately 12:30 - 4:00,1,پشینو نمیژ ای بجار پروشٹی وا چور بجار اچی نو بوے۔,The afternoon prayer cannot be said before one o'clock or after four o'clock.,
14,پلمنڈوک,pulmunḍúk,n,butterfly,1,بوسون کہ ہوے پلمنڈوک گونی۔,When spring comes the butterflies come.,
14,پلَوَݰو,pulúṣu,n,flea,1,سروزو موڑا پلوݰو بوے۔,Beneath juniper trees there are usually fleas.,
15,پلوغ,palóγ,n,apple,1,پلوغان لاو نیکی۔,There is no fruit on the apple trees.,
15,پلیلی,pilíli,n,ant; child,1,پلیلی ماڑیا مہتھام خالی نو بوے۔,In an anthill death is never absent.,
15,پلیلی,pilíli,n,ant; child,2,پلیلی ڈق لہاز ہوے۔,The poor little boy got sick.,
15,پلیئک,paléik,vt,to burn,1,چائے مہ پلیتاے۔,The tea burned me.,
15,پنڈورو,pinḍóru,adj,round (of flat things),1,کغاذو پنڈورو چھینے۔,Cut the paper round.,
15,پوچیک,počík,vi,"to ripen, to be cooked",1,ٹیکی پچوران۔,Bread is cooking.,
15,پوݯ,poc̣,n,feather,1,پوݯ پولوئیکو خیر گویان۔,I smell burning feathers.,
15,پور,por,n; adv,"last year, previous year",1,پور بوݰیک نو بیتی زمین پولوئیتاے۔,"Since it didn't rain last year, the land dried up.",
15,پردوم,purdúm,n,leopard,1,مالان پردم ژیردو۔,A leopard ate the cattle.,
15,پوروََزیک,puruzík,vi,"to be finished, to come to an end",1,مہ ژیری تفہ جم بیتی پوروزیتاے۔,My festivities have come to a fine conclusion.,
15,پوروَنیک,puruník,vt,"to sieve, strain, sift",1,پیݰیرو پورونی ݰپیک کورے۔,Sift the flour and make bread.,
15,پوریک,porík,vi,"to lie down, to sleep",1,انوسو پوریک مہ کیہ خوش نو۔,I don't like to sleep during the day.,
15,پوََشی,púši,n,cat,1,پوشی ݯھیر تان مݰکیر۔,Cats want only milk.,
15,پوشیک,pošík,vt,to see,1,چھویو ݯھوغو نو پوشیتانی۔,They didn't see the thief at night.,
16,پوݰ,poṣ,n,"manure, fertilizer",1,ڈق پوݰ سیرینیاں۔,The boys are hauling manure.,
16,پوݰپ,poṣp,n,wool,1,پوݰپار شو ساوز بوے۔,From wool handloom cloth is made.,
16,پولوئیک,puluík,vi,to burn,1,پختی پولوئیرو بیراے۔,The rice is burned.,
16,پولی,púli,adj,"rotten, decomposed; chronically ill",1,پولی پلوغ تروق بوے۔,A rotten apple is bitter.,
16,پولی,púli,adj,"rotten, decomposed; chronically ill",2,پولی رویو کیہ زندگی۔,What life does a chronically ill person have?,
16,پولیک,polík,vt,"to roll, wrap",1,زپو ڈیکی پولیتام۔,I wrapped the cloth around my leg.,
16,پون,pon,n,"road, path, travel",1,پون پونا نشاو بغاتام۔,I went along sitting at many places on the road.,
16,پوندَیک,pon dik,vt,to please,1,ژیری مت کیہ پون نو پراے۔,I didn't enjoy the celebration much.,
16,پونج,ponj,adj,five,1,پونج چموٹ ایغو باہرکی نو۔,Five fingers are not equal in size.,
16,پونگ,pong,n,foot,1,پونگ بوہتہ شریخی پراے۔,I stubbed my toe on a rock and it was injured.,
16,پہان,pahán,n,bottom (of vessel),1,ٹوَنجو پہانہ بخ بیتی شیر۔,There is a hole in the bottom of the earthen vessel.,
16,پیارو,piyáru,n,desire to drink,1,اوا اوغ پیارین قاق ہوتام۔,I am completely dried out from thirst.,
16,پیارو,piyáru,n,desire to drink,2,اوغ پیارو گویان۔,I am feeling thirsty.,
16,پیٹیک,peṭék,n,"doputtah, chaddar",1,پیٹیک پردوئی اسور۔,She is wearing a dupattah.,
16,پیݯ,peč̣,adj,hot,1,چاے پیݯ بیراے۔ مہ پلیتاے۔,The tea was hot; it burned me.,
17,پیڅھیک,petshík,vt,"to leave, abandon, give up; fire (a gun)",1,تھوئیک پیڅھیتاے۔,He fired the gun.,
17,پیݰیرو,peṣíru,n,flour,1,خلتوؤ پیݰیرو شیرا؟,Is there flour in the bag?,
17,پیݰیک,peṣík,vt,to grind,1,خورا پیݰیران۔,The mill is grinding.,
17,پیَران,pirán,n,"shirt, frock",1,پیران کوموروت اسکردی اریر۔,The shirt was too short for the girl.,
17,پین,pin,adv,"intensely, fast; adj strong, excessive",1,پین دے مہ گونہ ہاے۔,He/she came to me running quickly.,
17,پینگاہ,pingáh,adv; n,day after tomorrow,1,پینگاہ حجار گویان۔,He/she is coming back from Haj the day after tomorrow.,
17,پینگاچھوَےُ,pingačhúy,adv; n,tomorrow,1,پینگا چھوے غاڑ شیر۔,Tomorrow afternoon there is a polo match.,
17,پھال,phal,n,plowshare,1,پھال بوہتی ݯوکی چھیتی بغاے۔,The plowshare struck on a rock and broke.,
17,پھان,phan,n,palm of hand,1,کورم کوری پھان کوش ہونی۔,Because of working hard his/her/my palms became blistered.,
17,پھتوک,phatúk,n,eyelashes,1,پھتوک اشپیرو ہونی۔,His/her/your/my eyelashes turned white.,
17,پھروال,phirwál,n,shalwar,1,پھروالو پو اتروݯی شیر۔,The cuff of the shalwar is torn.,
17,پھکوڑ,phakóɫ,n,Chitrali hat,1,مہ پھکوڑو گان اواے۔,The wind took my hat.,
17,پھنیک,phuník,vt,to blow up into the air; to winnow,1,گان ہیمو پھنیران۔,The wind is blowing the snow up into the air.,
17,پھنیک,phuník,vt,to blow up into the air; to winnow,2,دیہقان گومو پلالو پھنیران۔,The farmer is winnowing the stack of threshed wheat.,
18,پھوخ,phox,adj,"soft, loose",1,پشور جم پھوخ بیتی شیر۔,The meat has become nice and soft.,
18,پھوخ,phox,adj,"soft, loose",2,لین پھوخ بیتی شیر۔,The knot has become loose.,
18,پھور,phur,n,"peak, top; head hair",1,تونیݰو زومو پھورا بی ہال ہوے۔,The ibex went to the mountain top and stayed there.,
18,پھوردو,phordú,n,"plant, sapling",1,پھوردو ݯوکی شینی۔,The plants have taken root.,
18,پھوست,phost,n,"skin, hide",1,پھوست بوٹ لین نو بویان۔,Leather shoes are not to be found.,
18,پھوَک,phuk,adj,"small; n small child, fine straw that flies away during threshing; adv a little",1,پھوک کہ ہوے دی گانیسا؟,"Even if there is only a little, will you take it?",
18,پھولوک,pholók,n,"grain, drop ; adj a single",1,کہاکان تے پھولوک دراوے۔,Give grain to the hens.,
18,پھونیک,phoník,vi,to dance,1,پھونیک نو بیتی شومو بہانہ۔,He who doesn't know how to dance blames the dancing floor. ,
18,پھوََئَیک,phuík,vi,to blow,1,ݯھوتیو گان پھوئی اواے۔,The wind blew away the soil.,
18,پھوََئَیک,phuík,vi,to blow,2,ژؤو پھوئی پازگاہ کورے۔,Blow the grain and clean it.,
18,پھی,phi,n,wooden shovel used for winnowing or snow removal,1,پھیو سورا ہیم شیپینی۔,Remove snow with a snow shovel.,
18,پھیرو,phéru,n,ashes,1,دار پولوئی پھیرو ہوے۔,The wood burned and became ashes.,
18,پھیک,phik,adj,"quiet, silent",1,پھیک بیتی کیانی بوسان؟,Why are you sitting so quietly?,
19,تاری,tarí,n,sugar; speed,1,پروشٹی زمانا تاری لیک گیران بیراے۔,It was difficult to obtain sugar in the old days.,
19,تاڑ,taɫ,n,key,1,تاڑ تونج ہونی۔,The keys are lost.,
19,تزَہَتازہ,tazá,adj,"healthy, in good condition, okay",1,تزہ بیتی کسیران۔,"Having recovered, he/she is walking.",
19,تائم,taám,n,"rich food, dishes, feast",1,کیہ تائم کوری اسومی!,What rich food you have cooked!,
19,تاو,taʋ,n,"cooking iron, griddle; adj steep (of mountain)",1,تاو نو پیڅھی اسونی۔,They haven't yet put the cooking iron in place.,
19,تاے,tay,n,children's toy,1,تاے تاے کوری ڈقو اشٹوکاوے۔,"Play with the child by saying ""tay, tay"".",
19,تت,tat,n,father,1,نن توݰو کین تت یوزو کین۔,A mother is the shelter of a heap of straw; a father is a block of ice.,
19,تݯ,tic̣,n,male goat (over four years old),1,ژاو اژیکو تݯ کݰی ژیری اریر۔,"When his son was born, he slaughtered a goat and held a celebration feast.",
19,ترانگ,trang,adj,"tight ; n saddle girth, cinch",1,ترانگ زپ مہ دش۔,I don't like tight clothes.,
19,ترَق,traq,n,"crack, crevice, crevasse",1,کھانج بولموژیہ ترق بغاے۔,The wall cracked in the earthquake.,
19,ترَق,traq,n,"crack, crevice, crevasse",2,تروپ شوروؤتے بزارا گونی۔,Radishes come into the market in autumn.,
19,ترَق,traq,n,"crack, crevice, crevasse",3,ٹھوشتہ ٹپ ترین ۔ ترینو تروپ پین۔,The wooden dish is full of yogurt; the yogurt is too salty.,
20,تروق,troq,adj,bitter,1,تروق ژوڑی مہ اݰکامو ݯھمیتاے۔,The bitter apricot gave me a stomach ache.,
20,تروَے,troy,adj,three,1,تروے ژون ژیبونیان۔,Three people are eating.,
20,ترین,trin,n,"buttermilk, yogurt",1,شوت ترین نو ژیبوم۔,I don't eat sour yogurt.,
20,تݰ,tuṣ,n,straw,1,تݰو گان اواے۔,Wind took the straw away.,
20,تف,taf,n,heat,1,تف کوریکو ڈق بوغاو اوغو اتینیان۔,"When they feel hot, boys go and get in the water.",
20,تک,tak,n,1) odd number; (2) decorated buttons pinned on chogha; (3) secret gift from a man to a woman,1,تائیت کوراک تک ݰواے مݰکیتاے۔,The amulet maker asked for an odd number of beads.,
20,تو,tu,pron,you (singular),1,تو دی گوسانا؟,Do you also want to come?,
20,توََپ,tup,n,cannon,1,نوغورا مینو گیکو توپ پیڅھاک بیرانی۔,When guests came to the fort people would fire cannons.,
20,توخمیران,toxmirán,n,father of son-in-law or daughter-in-law,1,مہ توخمیران بو جم موش۔,The father of my son/daughter-in-law is a very good man.,
20,توری,tóri,adv; adj,"up, upper, above",1,توری دورتو بی اسور۔,He/she has gone to the upper house.,
20,توریک,torík,vi,"to reach, arrive at (place); to touch, hit (target); to ripen (crop)",1,شامہ پت یی نو توریتاے۔,He/she didn't reach here by evening.,
20,توریک,torík,vi,"to reach, arrive at (place); to touch, hit (target); to ripen (crop)",2,تھوئیک نو توریتاے۔,The bullet didn't hit.,
20,توریک,torík,vi,"to reach, arrive at (place); to touch, hit (target); to ripen (crop)",3,گوم توریتاے۔,The wheat has ripened.,
20,توق,toq,n,mud,1,بوݰیکو سخت توق ہوے۔,When it rained it became very muddy.,
20,تونجیئک,tonjéik,vt,"to lose; to ruin, spoil",1,دوݰ اوا تن گڑیو تونجیتام۔,Yesterday I lost my watch.,
21,تونیݱو,toníṣu,n,ibex,1,تونیݰو ݱنگ زوما ہال بونی۔,Ibexes live on high mountains.,
21,تیغ,teγ,adj,"sharp (knife), steep (mountain ridge)",1,تیغ دہار اگان مہ لوݰیتاے۔,On the steep ridge the wind tormented me.,
21,تھاغ,thaγ,n,relatively thin) tree branch,1,تیز گانہ مرݯھو تھاغ نݰپوڑیتانی۔,In the strong wind branches of the mulberry tree split off.,
21,تھرار,tharár,adj,"intelligent, clever",1,تھرار روے کورم ہوݰ کوے۔,An intelligent person understands how to work.,
21,تھریشٹو,threšṭú,n,onion,1,تھر یشٹو پولوئیتانی۔,The onions dried up.,
21,تھڑخہ,thaɫxá,n,gall bladder,1,تھڑخو پھت کوریکو پشور تروق بوے۔,"If one breaks the gall bladder, meat becomes bitter.",
21,تھڑخہ,thaɫxá,n,gall bladder,2,لش - کوئی تھڑخائی دوس۔,"Be careful, lest you hit the gall bladder.",
21,تھڑخہ,thaɫxá,n,gall bladder,3,اݰکیئین تھڑخہ اوخوئی اوبریتاے۔,Its gall bladder swelled up from cold and it died.,
21,تھس,thas,n,water container with spout,1,تھسہ پیݯ اوغ متے انگیے۔,Bring me a pitcher of warm water.,
21,تھفَہ,thafá,adv,"quite, very",1,تیز گیتی تھفہ جم ارو۔,You did very well to come quickly.,
21,تھل,thul,adj,"fat (animal, human); thick (inanimate object, e.g. piece of wood)",1,حیوان ہیٹہ تھل بونی۔,Animals get fat when they graze free.,
21,تھلاخ,thuláx,n,sickle,1,تھلاخ مہ چموٹی پراے۔,The sickle hit and cut my finger.,
22,تھلیئک,thuléik,vt,to fatten,1,لیشو تھلَیئکو نو بیتاو۔,You weren't able to fatten your cow.,
22,تھمالوق,thamalúq,n,"fondness, doting, pet",1,پوشیو کیہ تھمالوق کوری اسوس۔,What a pet you have made of your cat.,
22,تھمامو,thamámu,adj,many,1,تھمامو روے غیچی گونیان۔,Many people are visible.,
22,تھمیز,thamíz,n,"courtesy, decency, good behavior",1,مینوان سوم جم تھمیز اریر۔,He/she behaved very courteously with the guests.,
22,تھون,thun,adj,"physically) active, emotional, volatile",1,لوڑی تھون ریݰوؤ گنے۔,Look carefully and select an active bull.,
22,تھون,thun,adj,"physically) active, emotional, volatile",2,تت تن ژاووتے تھون ہوے۔,The father spoke to his son emotionally.,
22,تھونک,thonk,adj,"thin (of flat or shallow things, e.g. paper, cloth)",1,تھونک کغاذ مت دیت۔,Give me a piece of thin paper.,
22,تھوہت,thuht,n,ford (of river),1,تَھوہت دیکو بہتوئیتام۔,I feared entering the ford.,
22,تھوہت,thuht,n,ford (of river),2,تھوہتی دیتی بوہتوئیتام۔,I got frightened when I entered the ford.,
22,تھوئیک,thuík,vi,to spit,1,تھوئیکو بچے دودیری بوغے۔,Go far away to spit.,
22,تھوئیک,thuék,n,gun,1,تھوئیک پیڅیک بند بیتی شیر۔,Firing of guns has been prohibited.,
22,تھیئک,thiík,vi,"to remain/stay quiet, still",1,ڈقانتے تھیئک نوبوے۔,Boys can't stay still.,
22,ٹارا,ṭará,n,mulberry wine/liquor,1,ٹارا تروق بوے۔,Mulberry wine is bitter.,
22,ٹپ,ṭip,adj,"full, full of, in abundance, lots of",1,جنالیہ روے ٹپ بیتی اسونی۔,The ground is full of people.,
23,ٹق,ṭaq,n,"thoughtlessness, haste",1,ٹق کوری لو دیتی تن سورا اوسیتاو۔,By speaking thoughtlessly you have made people laugh at you.,
23,ٹوقھیئک,ṭoqhéik,vi,to cluck (of hen after laying an egg),1,کہاک ٹوقھیران۔,The hen is clucking after laying an egg.,
23,ٹوََن,ṭun,adj,1) tight; (2) full/thick,1,شمینی ٹون بیتی شیر۔,The rope has been tied very tight.,
23,ٹوََن,ṭun,adj,1) tight; (2) full/thick,2,کھوٹ ٹون بیتی شیر۔,The clouds are very thick.,
23,ٹونگ,ṭong,n,pear (tree or fruit),1,ٹونگ نو پوچی شیر۔,The pear is not ripe.,
23,ٹونگ,ṭong,n,pear (tree or fruit),2,ٹونگتو اسیئتاے۔,He/She caused him/her to climb up the pear tree.,Idom
23,ٹونگ,ṭúng,adj,having short ears (of animals),1,اخیرو عمری ٹونگ کیڑی نست نسیر۔,A short-eared sheep may win a race in the last days of life.,
23,ٹیر,ṭir,adj,"in deep sleep, unconscious",1,اوروئی ٹیر بیتی اسور۔,He/she is sleeping very deeply.,
23,ٹیک,ṭek,n,"top, upper/elevated part; elevated platform in interior of traditional Chitrali house",1,جیپو ٹیکہ نشی ہاتام۔,I came sitting on top of the jeep.,
23,ٹیک,ṭek,n,"top, upper/elevated part; elevated platform in interior of traditional Chitrali house",2,اوغ ٹَیکہ اولوئیتاے۔,Water spilled on the elevated platform of the house.,
23,ٹیکُی,ṭíki,n,"round loaf of bread, baked in closed metal vessel",1,ٹیکی امو بیراے۔,The bread is uncooked inside.,
23,ٹھخیئک,ṭhaxéik,vt,"to knock at, hit lightly",1,دواہتہ کاٹھخیران۔,Someone is knocking at the door.,
23,ٹھخیدَیک,ṭhúxi dik,vt,"to doze, nod off",1,ٹھخی دیکو څیقو پوریتانی۔,"When the child began to doze, they put him/her to bed.",
24,ٹھریک,ṭhurík,vt,"to sip, drink",1,ٹھریکو بݰ کاڑی ساوزاوے۔,Make some soup which one can drink.,
24,ٹھریئک,ṭhuréik vt,vc,"to cause to drink/sip, to give to drink/sip",1,اوغ مہ ٹھراوے۔,Give me a sip of water.,
24,ٹھشٹ,ṭhašṭ,n,flat round vessel; basin,1,ٹھشٹہ کیٹوری متے انگیے۔,Bring me some dried mulberries in the basin.,
24,ٹھوربَیک,ṭhor bik,vi,to fall,1,اوا ژویو ٹیکہ ٹھور ہوتام۔,I fell on the bank of the water channel.,
24,ٹھوریئک,ṭhoréik,vt,to cause to fall,1,کھرسیو ٹھوریتام۔,I overturned the chair.,
24,ٹھوس,ṭhos,adj,"of nondescript dull color, i.e. those colors which do not fall clearly within other basic color categories, or mixed colors (e.g. light brown, gray, off- white)",1,ٹھوس زپ ݰاو ناغزی نو بوے۔,Dull-colored clothes do not get dirty quickly.,
24,ٹھون,ṭhun,n,pillar,1,سنجیر ٹھونان سورا ٹھیئور۔,The main roof beam rests on the pillars.,
24,ٹھونگی,ṭhóngi,n,small axe,1,ٹھونگیو سورا دار چھینیمان۔,I am cutting wood with a small axe.,
24,ٹھونگی,ṭhóngi,n,small axe,2,ٹھیسو ٹھاسو کوریکو ہوݰ نو اریتام۔,"When they whispered, I didn't understand.",
24,ٹھیشٹو,ṭhešṭú,n,onion,1,ٹھیشٹو چھیناوا غیچھار اشرو گونی۔,While cutting onions tears come from one's eyes.,
24,ٹھینُگ,ṭhiíng,n,slope,1,ٹھینُگو ڈیل پراے۔,He/she rolled down the slope.,
24,جابجا,jábajá,adj,"unable to move, disabled",1,میہ ݯھومی جابجا بیتیاسور۔,Because of back pain he/she is unable to move.,
24,جایداد,jaydád,n,property,1,جایداد شیروؤ کیہ خاچ۔,One who has property has no problems.,
25,جزیر,jazír,adj,"out of order (machinery), dilapidated",1,مشین جزیر بیتی شیر۔,The machine is out of order.,
25,جست,just,adj,even (numbers); together; joined,1,جست بیتی نشی کیانی بومیان؟,Why are the two of you sitting idle?,
25,جست,just,adj,even (numbers); together; joined,2,جست بیتی بغانی۔,They left together.,
25,جگار,jigár,n,liver; heart; dear one,1,جگار جگار- دگار دگار۔,One's own people are one's own; others are others.,
25,جم,jam,adj,good,1,جم اسوسا؟,How are you?,
25,جمَار,jamár,n,son-in-law,1,جمار دی ژاوو غون۔,A son-in-law is also like a son.,
25,جمعہ,jumá,n,Friday prayer,1,جمعہ ادینین بوے۔,Friday prayers are held on Fridays.,
25,جمیژیرَی,jamežíri,adj,twin,1,جمیژیری اژیلی ستیک گیران۔,It is difficult to raise up twins.,
25,جمَیلی,jaméli,n,"male or female children/ descendents of a male person's sister, father's sister, grandfather's sister, considered as out of the direct line of patrilineal descent",1,جمیلیو خفہ کوریکو ارواہان دش بونی۔,"When one offends a jaméli, the ancestral spirits of the house are offended.",
25,جمَیئک,jaméik,vt,to cause to reconcile; to repair; to spread bedding,1,روے گیتی تیتان جمیتانی۔,People came and got them to reconcile.,
25,جنجال,janjál,n,quarrel,1,جنجال مو کورور۔,Don't quarrel.,
25,جو,ju,adj,two,1,جوروپیا چاے کادویان؟,Who gives tea for two rupees?,
25,جواب,jawáb,n,"answer, reply",1,جواب دیکو لگینی نو غیریتاے۔,His/her tongue did not move to answer.,
26,جواراے,juwaráy,n,maize bread,1,جواراے شیتوؤ سوجم بوے۔,Maize bread is good with buttermilk.,
26,جواری,juwarí,n,"maize, corn",1,جواری پولوئی شیر۔,The maize is dried up.,
26,جوالو,juwálu,n,"both, two people",1,جوالو گونیان۔,Two people are coming.,
26,جوان,juwán,adj,mature; young/youthful,1,ژاو جوان کہ ہوے تتو بچویئر۔,"When a son grows up, he lightens his father's work.",
26,جوََخوََے,juxúy,adj,"of changeable mood, fickle",1,جوخوے روے مہ دش۔,I don't like fickle people.,
26,جور,jur,adj,"together, joined as a pair (of people)",1,جور کوری باشیتانی۔,They sang a duet.,
26,جور,jur,adj,"together, joined as a pair (of people)",2,جوش ای ائیکون کنیتام۔,I bought eleven eggs.,
26,جوشتَوݰ,joštúṣ,n,food/fodder for cattle and goats or sheep,1,جوش توݰ کھل بیتی تکلیف ہوے۔,"Because the fodder for the animals was finished, they were in trouble.",
26,جوشتَوݰ,joštúṣ,n,food/fodder for cattle and goats or sheep,2,جوش ژیبونیان۔,They are eating fodder.,
26,جوشتَوݰ,joštúṣ,n,food/fodder for cattle and goats or sheep,3,جوش روپیہ مݰکیران۔,He/she is asking for ten rupees.,
26,جوݰیک,joṣík,vt,"to consider, judge",1,زارو جوݰی کومورو توغو نو اواے۔,"Considering him old, the girl didn’t marry him.",
26,جوہجو,johjú,adj,twelve,1,جوہجو موش ݰپیکوت ہانی۔,Twelve men came for a meal.,
26,جیپ,jip,n,1) pocket; (2) jeep,1,جیپ بخ بیتی پایسہ تونج بیرو۔,"When my pocket got a hole in it, my money was lost.",
27,ݮنݮالک,j̣anj̣álik,n,bunch of grapes in which only a few are good,1,دروݯھو غروڅ  کیاغ  نو بیراے۔ خالی ݮنݮالک یراے۔,The bunch of grapes wasn’t usable; there were only a few grapes on the stem.,
27,ݮنݮیر,j̣anj̣ér,n,chain,1,رینیو ݮنݮیرا بوتے۔,Fasten the dog on a chain.,
27,چاخر,čáxur,n,spinning wheel,1,واو چاخرا اسور۔,The old woman is at the spinning wheel.,
27,چارشنبہ,čaršambéh,n,Wednesday,1,چارشنبین بوؤک انگونیان۔,They are bringing the bride on Wednesday.,
27,چارہ,čaráh,n,"means, solution, recourse",1,کیہ چارہ نو توری پھیک بیتی ہال ہوے۔,"Not finding any recourse/solution, he/she gave up.",
27,چاڑدَیک,čaɫ dik,vt,to clap,1,سوم ہوست چاڑ کونی۔ ای ہوست چاڑ نو کوے۔,Both hands clap; one hand doesn't clap.,
27,چاڑَی,čáɫi,adj,having (smallpox) scars on the face,1,ای چاڑی موش دی پوشیتام۔,I also saw a man with a pockmarked face.,
27,چاغیز,čaγéz,n,whip,1,چاغیزو پھوستار ساوزینی۔,They make whips of leather.,
27,چاکو,čakú,n,knife,1,چاکو مہ چموٹو پھیرکیتاے۔,The knife cut my finger.,
27,چاے,čay,n,tea,1,چاے نو پی کو بیمیان؟,Why are you leaving without having tea?,
27,چٹی,čaṭí,n; adv,"1) loss; (2) on estimation, without measurement",1,موݰیچو ٹیکا چٹی ہاے۔,There was a loss on the contract for lucerne.,
27,چٹی,čaṭí,n; adv,"1) loss; (2) on estimation, without measurement",2,داران چٹی گانیتام۔,I bought the wood without proper measurement.,
28,چچَیبون,čičibón,n,"sp. of native bird of Chitral, chickadee",1,چچیبون یومونو دی ݯھیترار اہال بونی۔,Chickadees stay in Chitral even in winter.,
28,چدین,čidín,n,metal pot,1,چدینہ ٹپ پختی کورور۔,Cook a pot full of rice.,
28,چشٹ,čašṭ,n,"lunch, midday meal",1,چشٹ ژوتی بوغے۔,Have lunch before you leave.,
28,چق,čaq,n,"inclination, trend, tendency, likelihood, readiness",1,چھویو بوݰیکو چق۔,It is likely to rain tonight.,
28,چلینگی,čilíngi,n,"small bird, sparrow",1,چلینگی اسمانوت تھلپ۔,A sparrow desires the sky.,
28,چمبور,čambór,n,dried apricots,1,چَمبوران چمبوروغ  کوری پیکو مزا کوے۔,"When one makes soup of dried apricots and drinks it, it is very enjoyable.",
28,چماخ,čamáx,n,flint stone,1,ووخیک تان چَماخو اشتیکھیر۔,A person from Wakhan praises his own flint.,
28,چمَچہ,čamčá,n,spoon,1,چمچہ گنی ژیبیکو واہڅی کویان۔,When one eats with a spoon it is convenient/easy.,
28,چملتوخ,čamaltóx,n,slap,1,جو چملتوخ دیکو پھیک ہوے۔,"When he/she was slapped twice, he/she kept quiet.",
28,چموٹ,čamúṭ,n,finger,1,چموٹو ځوخ دیکو ژریغ اریر۔,When a thorn pricked his/her finger he/she shrieked.,
28,چمٹکیر,čumuṭkér,n,young (marriageable) girl,1,تہ ژور چمٹکیر ہویا؟,Has your daughter grown up?,
28,چن,čan,adj,"naked, bare; poor, plain",1,چن بیتی یورا مو نشے۔,Don't sit bare-skinned in the sun.,
28,چنگیک,čangík,vi,"to lie, tell falsehoods",1,چنگیکو پون اسکوردی۔,The road of a lie is short.,
29,چوٹیک,čoṭík,vi,"to drip, leak",1,بوݰیکو ختان چوٹیتاے۔,When it rained the room leaked.,
29,چور,čor,adj,four,1,چور ژون پتی کونیان۔,Four persons are playing cards.,
29,چوڑ,čuɫ,n,braid,1,چوڑ سویکو غوش کرا بویان!,\Where is the time to braid one’s hair?,
29,چوڑیک,čuɫík,vi,"to warble, chirp, twitter, sing (of birds)",1,مایون چوڑیران۔,An oriole is warbling.,
29,چوََمر,čúmur,n,iron (material),1,پیݯ چومری مو دوسے۔,Don't touch the hot iron.,
29,چھاغ,čhaáγ,n,shade,1,چھاغہ نشیکو مہ اݰاَک اریر۔,"On sitting in the shade, I felt cold.",
29,چھانی,čhaní,n,"kid, baby goat",1,چھانی ننو دیران۔,The kid is suckling its mother.,
29,چھت,čhat,n,"pond, lake",1,چھت نݰپوڑیتاے۔,The bank of the pond broke.,
29,چھوچی,čhúči n,adv,"1) morning, (2) tomorrow",1,چھوچی رغیشٹی روپھیتام۔,I got up early in the morning.,
29,چھوچی,čhúči n,adv,"1) morning, (2) tomorrow",2,چھوچی بینیان۔,They are going tomorrow.,
29,چھوَئی,čhuí,n,"night, darkness",1,چھویو بیری مو کوسے۔,Don't wander around outside at night.,
29,چھیَنیک,čhiník,vt,to cut,1,اوغو کا چھینیتاے؟,Who cut off the water?,
29,ݯار,c̣ár,adj,"dry, dehydrated",1,کٹوری ݯار بیتی شینی۔,The dried mulberries are completely dehydrated.,
30,ݯاغڑی,c̣aáγɫí,n,rook (bird),1,ݯاغڑیئے ݯاغ مو کورے۔ اوا بیابانہ اسوم۔,"O rook, don't sing; I am wandering in the wilderness.",
30,ݯاو,č̣aʋ,n,"rank, status, office, position",1,ݯاو نو شیرو روے کیاغ کوریکو نو بوے۔,A person with no status can't do anything.,
30,ݯتلَوڑیک,c̣at loɫík,vt,to take a quick look/glance,1,ݯت لوڑی مت لو دیت۔,Take a look and tell me.,
30,ݯکَھیئک,c̣akhéik,vt,to chew,1,څیق لوسی پالم ݯکھاوے۔,Take small bites and chew well.,
30,ݯوچھیک,c̣očhík,vt,to gnaw,1,رینی کوڑو نہ تان ݯچھیر نہ خوروت دوے۔,The dog neither gnaws the bone itself nor gives it to anyone else.,
30,ݯوََݯھَو,c̣uc̣hú,adj,dry,1,زپ ݯوݯھو نو بیتی شینی۔,The clothes haven't dried.,
30,ݯوقھیک,c̣oqhík,vi,1) to coo; (2) to flatter,1,کَوڑو ݯوقھیران۔,The partridge is cooing.,
30,ݯوقھیک,c̣oqhík,vi,1) to coo; (2) to flatter,2,خور دی  کا بو ݯوقھینیان۔,Many other people are also flattering.,
30,ݯوکیک,c̣okík,vi,"1) to adhere to, become fixed; (2) to be on fire",1,پھوردو ݯوکیتانی۔,The plants have taken root.,
30,ݯوکیک,c̣okík,vi,"1) to adhere to, become fixed; (2) to be on fire",2,دور ݯوکی شیر۔,The house is on fire.,
30,ݯیَݯھیک,c̣ic̣hík,vt,to learn,1,ݯیݯھی اچی ݯیݯھاوے۔,First learn and then teach!,
30,ݯیَݯھیئک,c̣ic̣héik,vt,1) to teach; (2) to send a message,1,جَم ݯیݯھیئک بو مشکل۔,It is very hard to teach well.,
30,ݯیَݯھیئک,c̣ic̣héik,vt,1) to teach; (2) to send a message,2,کوس پویار مت ݯیݯھاوے۔,Send me a message through someone.,
31,ݯیریک,c̣irík,vi,"to cluck (hen, before laying egg)",1,کہاک ݯیریتاے۔,The hen clucked.,
31,ݯھمیئک,c̣haméik,vt,"to cause to pain, hurt",1,پختی مہ ݯھمیران۔,The rice is hurting my stomach.,
31,ݯھوتی,c̣hutí,n,"dry soil, dust, dirt",1,ݯھُوتی مو کتاوے۔,Don't stir up dirt.,
31,ݯھوتی,c̣hutí,n,"dry soil, dust, dirt",2,ݯھوتیو مُوڑی بغاے۔,He/she went under the soil.,
31,ݯھوتی,c̣hutí,n,"dry soil, dust, dirt",3,ݯھُوتی انگیتی کھانجو مانیتام۔,I brought soil and plastered the wall.,
31,ݯھوغ,c̣hoγ,n,thief,1,ݯھوغ دی خُداے ریر۔ خڅم دی خداے ریر۔,The thief calls on God; the owner also calls on God.,
31,ݯھومیک,c̣homík,vi,"to pain, hurt",1,ہنون مہ کپا لݯھمُوران۔,My head is hurting today.,
31,ݯھونݮور,c̣honj̣ór,n,slingshot,1,ݯھونݮورین بوئیک ماراوتانی۔,People used to kill birds with slingshots.,
31,ݯھونیک,c̣huník,vi,"to step, tread, put the foot down",1,توقہ ݯھونی اُشُوپیتاے۔,He/she stepped in the mud and slipped.,
31,ݯھوئی,c̣huí,n,hunger,1,ݯھُوئی کوری اوشوے۔ پختیو جم اویوتام۔,"I was hungry, so I ate a lot of rice.",
31,ݯھوے,c̣hoy,adj,six,1,ݯھوے بیشیر روپیہ گَنیتاے۔,He/she took Rs.120.,
31,ݯھیاک,c̣hayák,n,"sick person, patient",1,ݯھیاک کیہ حالا اسُور؟,How is the patient?,
32,ݯھیتر,c̣hétur,n,field,1,تہ ہیہ ݯھیتر جو چَکیے شیرا؟,Is this field of yours two chakorum?,
32,ݯھیر,c̣hír,n,milk,1,لیشُو ݯھیر نو دویان۔,The cow isn't giving milk.,
32,ݯھیو,c̣hyu,adj,overjoyed,1,ژاو اژیکو ݯھیو ہوتام۔,When my son was born I was overjoyed.,
32,حجُات,haját,n; adj,"need, necessity; necessary",1,گیر مہ حَجات بویان۔,I need a saw.,
32,حالت,halát,n,condition(s),1,حالت خراب شیر۔,The conditions are bad.,
32,حاوَل,háʋl,adv,"barely, slightly, just",1,تروپ حاول خَل بیتی شیر۔,The salt is barely tasteable.,
32,حق,haq,n,"right, entitlement",1,مہ حق ذائع ہوے۔,My right was lost.,
32,خڅَم,xátsum,n,"owner, one who nourishes",1,ہیہ پایو خَڅُم کا؟,Who is the owner of this goat?,
32,خبار,xabár,n,"news, information",1,کیہ خبار گَنی نو گیتی اسور۔,He/she hasn't brought any news.,
32,ختان,xatán,n,"room in a traditional Chitrali house The plural of this word,",2,خَتان کھُوشون کویان۔,The room makes smoke.,
32,ختان,xatán,n,"room in a traditional Chitrali house The plural of this word,",3,خَتومان ساوزیئی براروسار تنہا ہوے۔,He made a house and separated from his brother.,
32,خداے,xudáy,n,God,1,خداے پراے۔,God gave it to me.,
32,خراب,xaráb,adj,"bad, spoiled",1,مہ ریڈیو خراب بیتی شیر۔,My radio is broken.,
33,خروش,xarúš,n; adj,"itchy skin disease, mange (of goats); also used as term of abuse (cf. English 'mangy')",1,پاے خرُوش بیتی اسونی۔,The goats have become mangy.,
33,خڑَانگ,xaɫáng,n,quilt,1,خڑانگ چھویو مہ پیݯ نو اریر۔,The quilt didn't keep me warm at night.,
33,خڑاو,xaɫáʋ,n,mouse,1,خڑاو بُردوکیو ژُوتی بخ اسریر۔,A mouse gnawed a hole in the leather sack.,
33,خطبہ,xotbáh,n,"nikah, Muslim marriage ceremony",1,خطبہ بیکار پروشٹی ڈَق اوچے کُومورو ایغو نو پَشینی۔,"Before the nikah, the boy and the girl do not see each other.",
33,خفا,xafá,adj,"angry, annoyed; sad",1,لو کار نو کوریکو تت خفا بوے۔,"If you don't heed his words, father will be annoyed.",
33,خفس,xafás,n,cage,1,بوئیک خفسی اسونی۔,The birds are in a cage.,
33,خلاس,xalás,adj,finished,1,من پیݰیرو سوت بسہ خلاس ہوے۔,A maund of flour was finished in a week.,
33,خلتہ,xaltá,n,"sack, bag",1,جوش بٹی ژو ای خلتؤو بغاے۔,Ten batis of grain fit into one sack.,
33,خلتھبار,xalthabár,n,"family of son-in-law or daughter-in-law, who bring gifts on occasion of marriage",1,خلتھبار بولو نوما گونی۔,The party of in-laws has not yet arrived.,
33,خم,xam,adj,"flat, level",1,خم باے کم باے۔,Let it be level; let it be less.,
33,خمیئک,xaméik,vt,1) to cause to come down; (2) to beat; (3) to cause someone to spend (i.e. cause them a loss),1,ݯھوغو دوسی ای کما خمیتام۔,I caught the thief and hit him a few times.,
33,خمیئک,xaméik,vt,1) to cause to come down; (2) to beat; (3) to cause someone to spend (i.e. cause them a loss),2,بو رویان گَنی بَی توغو جم خَمیتام۔,I took a lot of people along and caused him a lot of loss.,
34,خور,xur,adj,"other; else; n another one, someone else",1,خور دی کیہ لو دوسانا؟,Do you want to say something else?,
34,خورا,xorá,n,water mill,1,لالو خورائی کیہ شیر؟,What does a lal have to do in a water-mill?,
34,خورمہ,xormá,n,date (tree or fruit),1,پھتی خورمہ گوغینی بیتی شینی۔,Some of the dates are worm-infested.,
34,خوروݰی,xoróṣi,adj,annoyed,1,خوروݰی بیکو اچی خیݰیتام۔,"When he/she/they got annoyed, I pacified him/her/them.",
34,خوش,xoš,adj,"pleasing, liked, favorite, dear",1,ژوڑ مہ خوش۔ پیشماک مہ  دِش۔,I like the kernels; I don't like the husks.,
34,خوشان,xošán,adj,happy,1,موشو دوروت خوشان بیتی بغاے۔,She went happily to her husband's house.,
34,خوشپ,xošp,n,dream,1,پھتی رو خوشپو اڑوسپی نیزیک نو بونی۔,Some people are not able to remember a dream when they wake up.,
34,خوََک,xuk,n,pig,1,خوک کُݰی اَسستاوا؟,Did you slaughter a pig?,
34,خمار,xumár,n,"strong enthusiasm, desire",1,ݰپیکوت کیہ خُمار نو گویان۔,I don't feel any great desire to eat now.,
34,خماری,xumári,adj,habituated,1,خماری بیکو کا لاکویان؟,Who will let you become accustomed to this?,
34,خومیک,xomík,vi,"1) to descend; (2) to have to spend, to have one's resources diminished",1,جہاز یو خومیتاے۔,The plane landed.,
34,خومیک,xomík,vi,"1) to descend; (2) to have to spend, to have one's resources diminished",2,ژیریا کیہ بو خومیتاوا؟َ,Did you have to spend much on the celebration?,
35,خون,xun,n,"blood; murder, injustice",1,خون کوریتاے۔,He/she murdered someone.,
35,خویانو,xoyánu,n,"stomach, innards (of animals; rude to use of humans); used sarcastically of a greedy person, whose stomach is never full",1,خویانان جم نگی لَچھاوے۔,Wash the stomach and intestines well and boil them.,
35,خیر,xer,n,bad smell,1,توقو خیر گویان۔,The mud stinks.,
35,خیݰگوم,xeṣgúm,n,carrot,1,خیݰگوم شخ اݰکاموت ویز۔,Cooked carrots are good for the stomach.,
35,خیݰیئک,xeṣéik,vt,"to appease, mollify",1,خیݰیئکو بی اسونی۔,They have gone to appease.,
35,څدار,tsadár,n,"sheet, large doputtah or shawl",1,څدارو پوردُوئی بوغے۔,Wrap your shawl around you before you go.,
35,څوپ,tsop,n,"heap, pile",1,زپان څوپ کوری کیانی کوسان؟,Why are you piling up the clothes.,
35,څوپیک,tsopík,vt,to collect piece by piece; to glean,1,ݯھیتری سور څوپاو اوشتام۔,I was collecting ears in the field.,
35,څوغن,tsóγun,n,wood chisel,1,څوغن موٹُو ہوے۔,The chisel became dull.,
35,څوقیک,tsoqík,vt,to gulp quickly (liquid),1,چایو څوقی اف نساے۔,He/she gulped his/her tea and left.,
35,څون,tson,adj,)too( short,1,شوقہ څون بیرُو بیراے۔,The shoqa has become too short.,
35,څہت,tsaht,n,1) slit at sides of a shirt; (2) gap in a hedge,1,پیرانو څہت زروٹھی شیر۔,The slit of the shirt is ripped.,
35,څہت,tsaht,n,1) slit at sides of a shirt; (2) gap in a hedge,2,څہتہ پولوغ شیراے۔,There is a thorn fence in the gap in the hedge.,
36,څیق,tseq,adj,small; n child,1,څیق کیڑیران۔,The child is crying.,
36,څھونځر,tshóndzur,n,shoemaker's) awl,1,څھونځرو سورا بخ نیزے۔,Make a hole with the awl.,
36,ځاہ,dzah,adj,"wet, moist; (2) n salin, curry (i.e. moist flavorful dish eaten with bread or rice)",1,بوݰیکو مہ زپ ځاہ ہونی۔َ,When it rained my clothes got wet.,
36,ځاہ,dzah,adj,"wet, moist; (2) n salin, curry (i.e. moist flavorful dish eaten with bread or rice)",2,کیہ ځاہ کوسان؟,What dish are you making?,
36,ځوخ,dzox,n,thorn,1,ځوخ مہ ݯونگ پراے۔,A thorn pricked me.,
36,دار,dar,n,wood,1,دارو قیمت اسنی شیر۔,The price of wood has risen.,
36,داربت,daárbát,adv,for a little while,1,داربت نِشی بیسی۔,Let's sit for a little while and then go.,
36,داریک,darík,vt,"1) to tolerate, withstand, endure; (2) to fatten an animal for slaughter",1,ای انوس دی ݯھُویوت داریک نو بیتام۔,I couldn't tolerate hunger for even one day.,
36,داریک,darík,vt,"1) to tolerate, withstand, endure; (2) to fatten an animal for slaughter",2,برانو داری جم تھولاوے۔,Fatten up the sheep well for slaughter.,
36,داڑم,dáɫum,n,pomegranate,1,داڑم شورو گور پچُوسر۔,Pomegranates ripen late in the fall.,
36,داغ,daγ,n,1) hot oil poured on rice after it is cooked; (2) stain (< Urdu); (3) adj devastated with grief,1,پختیئو داغ نو کوری اسونی۔,They haven't put the hot oil on top of the rice.,
36,داغ,daγ,n,1) hot oil poured on rice after it is cooked; (2) stain (< Urdu); (3) adj devastated with grief,2,اوا داغ  ہوتام۔,I am devastated.,
37,دال,dal,n,1) dal (i.e. split dried legumes); (2) coarsely ground flour,1,چَنا دال ݰاو نو لَچھُوران۔,Split chick peas do not cook quickly.,
37,دال,dal,n,1) dal (i.e. split dried legumes); (2) coarsely ground flour,2,ژوؤ دال دیتی الاے۔,He got the grain ground coarsely and brought it.,
37,داڑیئک,daɫéik,vt,"1) to drive away, to exile; (2) to release animals in mountain pasture",1,لیشان دودیری داڑیتاے۔,He/she released the cows for grazing far away.,
37,دان,daán,n,roasted grain,1,دون دانی نو ݯوکیتانی۔,My teeth didn't attach to the roasted grain.,
37,داہت,daht,adj,"dirty, polluted, nasty",1,داہت اُوغو موپیے۔,Don't drink the dirty water.,
37,دپھیئک,daphéik,vt,"to pound, to crush",1,مَسالان دپھیئی جم پالُم  کوؤ۔,Pound the spices nice and fine.,
37,دپھیئک,daphéik,vt,"to pound, to crush",2,شلیو دَپھیئی پازگاہ کوسرے۔,Pound the rice and clean it.,
37,دچھار,dučhár,adj,"face to face; vi َُ encounter, to embrace",1,مکافتو سو دچھار ہونی۔,They faced misfortune,
37,دچھار,dučhár,adj,"face to face; vi َُ encounter, to embrace",2,تت ژاوو سوم دوچھار ہوے۔,The father embraced his son.,
37,درَاک,darák,n,"trace, sign; understanding",1,شامہ پت موشو دراک نو ہوے۔,By evening there was no sign of the man.,
37,درَاک,darák,n,"trace, sign; understanding",2,کیہ دراکہ نو پراے۔,He/she didn't understand.,
37,درخت,draxt,n,trees (non fruit-bearing) and bushes (collective noun),1,درختان پھیرکی دارانو اریر۔,He cut down trees and bushes and made a woodpile.,
37,درَختوَسار,draxtusár,adj; adv,having suffered troubles,1,درختوسار بیتی سفارار اچی ہاے۔,Having suffered troubles he/she returned from his/her) travels.,
38,دروازَہ,darwazá,n,door,1,دور شیر دروازہ نیکی۔ روے اسونی ہوازہ نیکی۔,"There is a house, but no door. There are people but no voices.",
38,دروݯ,droc̣,n,grapes,1,دروݯ ڑاے دیتی شیر۔,Grapes have begun to ripen,
38,دروخیک,droxík,vi,to itch,1,دروخیک متسختی کوری شیر۔,Itching has tormented me.,
38,دروخیئک,druxéik,vt,"to cause to itch, to scratch an itch",1,دروخیئکو دوغور مو لاوے۔,May you not have fingernails to scratch an itch.,
38,دردانہ,durdaná,n,"pearl, gem; excellent thing or person",1,تہ ژاو فقط دوردانہ بیراے۔,Your son is quite a gem.,
38,دریانو,driyánu,n,"landslide (dry, large)",1,دریانو چھیتی ݯھیتر نس نس ہوے۔,"When the landslide occurred, the field broke into pieces.",
38,دریݱ,driẓ,n,scree slope,1,دریݱ ژویو غیری اوغ چھیردو بیراے۔,When the scree slope slid down into the water channel the water was cut off.,
38,دریغ,dréγ,n,mere talking/thinking about starting something; inability to start something,1,دریغ کوری مو بیہچے۔ رُوپھے۔,Don't just sit talking about starting - get up and start.,
38,دش,diš,adj; adv,"displeasing, disliked, not on speaking terms, out of order; extremely; with reversed sense: wonderful",1,باشیئک مہ دش۔,I don't like singing.,
38,دش,diš,adj; adv,"displeasing, disliked, not on speaking terms, out of order; extremely; with reversed sense: wonderful",2,دِش موش۔,He is a wonderful/very good man.,
38,دش,diš,adj; adv,"displeasing, disliked, not on speaking terms, out of order; extremely; with reversed sense: wonderful",3,اوا تہ سو دش۔,I am angry with you.,
38,دشل,díšul,n,verbal abuse (Lit. 'bad words'),1,دِشُل کوریک شُوم عادت۔,To verbally abuse is a bad habit.,
38,دک,duk,n,spinning weight,1,دُک گیئکو نو بوم۔,I am not able to spin with a spinning weight.,
39,دلاسہ,dilasá,n,consolation,1,څیقو دِلاسہ کورے۔,Console the child!,
39,دماغ,dimáγ,n,"brain, mind",1,دماغو خراب موکورے۔,Don't nag me.,
39,دمیک,dumík,vt,to pull apart raw wool by hand,1,پوݰپ دمیکو غوش نو بویان۔,There is no time to hand-card wool.,
39,دنیچ,daníč,adj,1) smooth and straight (e.g. of tree without branches and spurs); (2) regular featured (of a person),1,دنیچ دارحجاتہ گویان۔,"Smooth, straight wood is needed.",
39,دنیچ,daníč,adj,1) smooth and straight (e.g. of tree without branches and spurs); (2) regular featured (of a person),2,ڈق کیہ جم دنیچ نو بیراے۔,The boy did not turn out to be very good-looking.,
39,دنیک,duník,vi,to think,1,دُنیکو یادی گوے۔,"On thinking, it will come to mind.",
39,دواہت,duwáht,n,door,1,دواہت ݯیقھیران۔,The door is creaking.,
39,دوََدیری,dudéri,adj; n,"distant, far; distance",1,دُودیریار خیسمت بیتی ہاے۔,"He/She came from far away, tired out.",
39,دوڑ,doɫ,adj; adv,"loud, strong, forceful; strongly, forcefully",1,دوڑ دیکو بازو ݯھَمیتاے۔,From being hit hard my arm hurt me.,
39,دوڑیک,doɫík,vi,to shiver (with cold or fever),1,انداو سورا دیکو دوڑیتاے۔,"When he/she suffered an attack of fever, he/she began to shiver.",
39,دوسیک,dosík,vt,"to hold, grasp, catch, grab",1,کہاک اُشٹوریتاے۔ دوسیکو نو بیتام۔,The hen escaped; I wasn't able to catch it.,
39,دوشنبہ,dušambéh,n,Monday,1,چھوچی دوشنبہ شیر۔,Tomorrow is Monday.,
39,دوݰ,doṣ,adv; n,yesterday,1,دوݰ مہ غوش نو ہوے۔,Yesterday I didn't have time.,
40,دوغ,doγ,n,"milk, dairy product",1,دوغ کہ نو ہوے تکلیف بوے۔,"If there is no milk, there will be a problem.",
40,دغُور,duγúr,n,"fingernails, toenails",1,دُغُوران روئیکو مو لاکے۔,Don't let your fingernails grow.,
40,دغُور,duγúr,n,"fingernails, toenails",2,دغُور نِݰپوڑی بغاے۔,His/her/my nail fell off.,
40,دون,don,n,tooth,1,دون ݯھومیکو کیڑیران۔,He/she is crying from toothache.,
40,دؤون,doón,n,ghee,1,لُوؤ لوٹ کوریکو سار دونو لوٹ کوؤ۔,"Rather than talking a lot, make a lot of ghee.",
40,دونځیک,dondzík,vt,"to cut into pieces (e.g. onions, apples, meat, tomatoes)",1,ٹھیشٹوان جم دونځے۔,Cut the onions nice and fine.,
40,دونیک,doník,n,milk pot,1,لیشُو دونیکہ ٹپ ݯھیر پراے۔,The cow gave enough milk to fill the milk pot.,
40,دوو,dow,n,"1) torch made of single stick; (2) light visible at night (e.g. in graveyards) thought to be evil spirit which has fire in its mouth; (3) giant, ogre",1,دوو ݯکاوے مݰکیسی۔,Light a torch; we will look for it.,
40,دوو,dow,n,"1) torch made of single stick; (2) light visible at night (e.g. in graveyards) thought to be evil spirit which has fire in its mouth; (3) giant, ogre",2,دوو کوسیکو پوشیتام۔,I saw an evil spirit walking about.,
40,دوَہت,duht,adj,all,1,دوہت روے جمع بیتی دُعا ارینی۔,All the people came together and said a prayer.,
40,دہار,dahár,n,mountain ridge,1,دہار اپھار نسیکو سو تونیݰو مہ رویتوُ پراے۔,As I crossed over the ridge I came face to face with an ibex.,
40,دی,di,conj,"1) also, else; (2) and so forth; (3) even (in negative contexts)",1,وا دی کیہ لُو دیت۔,Say something more.,
41,دیک,dik,vt,1) to beat; (2) to give,1,دیک تہ خوشا؟,Would you like to be beaten?,
41,دیک,dik,vt,1) to beat; (2) to give,2,مݰکیکو سار دیک جم۔,It is better to give than to ask for things.,
41,دیک,dik,vt,1) to beat; (2) to give,3,ائیکون مَتے پراے۔,He/she gave the egg to me.,
41,دیئک,deék,س,to run,1,څیق ڈق دیئک ژانیر۔ اُسنی دیک نو۔,"The little boy knows how to run, but he doesn't know how to rise again.",
41,ڈازی,ḍázi,n,firing in the air (on happy occasions),1,ڈازی کوراوا تھوئیک پھت ہوے۔,While someone was firing in the air his rifle burst.,
41,ڈال,ḍal,n,group,1,روے ڈال باو گونیان۔,The people are coming in groups.,
41,ڈانگ,ḍaáng,n,"cooking fireplace, hearth",1,ڈانگو تیل لَچھوران۔,On the hearth oil is boiling.,
41,ڈپھیئک,ḍuphéik,vi,"to knock; to beat fast, pound (of heart)",1,چھُویو کا دُواہتہ ڈُپھیتای۔,At night someone knocked at the door.,
41,ڈٹ,ḍaṭ,n,"pit; adj sagging in the middle, loose (e.g. a charpai)",1,اوغ ڈَٹہ ٹِپ ہوے۔,The pit is full of water.,
41,ڈخیئک,ḍuxéik,vt,to nudge/prod the mother's udders when milk is no longer flowing (of calf),1,بݯھوڑ نَنو ڈُخیران۔,The calf is nudging its mother.,
41,ڈشٹ,ḍišṭ,n,handspan,1,ڈشٹ دیتی مہ پَشاوے۔,Measure it in handspans and show me.,
41,ڈف,ḍaf,n,tambourine,1,ڈق ڈُف دونیان,The boys are playing the tambourine.,
42,ڈق,ḍaq,n,boy,1,ڈق سَبَقار نوما گونی۔,The boys haven't come back from school yet.,
42,ڈک,ḍuk,n,"1) a small swelling, (2) hump (on back)",1,کھانجہ بوہت ڈُک بیتی نِݰی نِسی شیر۔,A rock in the wall has come out and is projecting from the wall.,
42,ڈک,ḍuk,n,"1) a small swelling, (2) hump (on back)",2,کریمہ ڈُک موش کا اوشوے؟,Who was the hump-backed man?,
42,ڈنڈیک,ḍunḍík,vt,"1) to fluff wool with a bow; (2) to do something thoroughly (especially, learn a lesson)",1,واو پوݰپ ڈُنڈیران۔,The old woman is fluffing wool with a bow.,
42,ڈنڈیک,ḍunḍík,vt,"1) to fluff wool with a bow; (2) to do something thoroughly (especially, learn a lesson)",2,ڈق سبقو ڈُنڈی اواے۔,The boy studied the lesson thoroughly.,
42,ڈنگ,ḍang,adj,"hard, stiff",1,ڈنگ پلوگی مہ دون نو ݯَکُور۔,I can't bite hard apples.,
42,ڈنگکَوڑ,ḍang koóɫ,n,ankle (bone),1,ڈنگ کوڑ بوہت تو دیتی جابجا ہوتام۔,My ankle hit a rock and I was unable to move.,
42,ڈوخ,ḍox,n,"bare earth, barren land, infertile land",1,حیوان گازو ژُوتی ڈوخ ارینی۔,The animals ate the grass to the roots.,
42,ڈور,ḍor,n,"hopper (cylindrical container, part of water mill into which grain is put to funnel it into the mill); a very tall and heavy person",1,ڈورار غیر خورا نو بوے۔,A water mill cannot be without a hopper.,
42,ڈور,ḍor,n,"hopper (cylindrical container, part of water mill into which grain is put to funnel it into the mill); a very tall and heavy person",2,ہے دوری لوٹ ڈور واو اسور۔,In that house there is a huge old woman.,
42,ڈوری,ḍóri,n,large wooden spoon,1,ای ڈوریہ ځاہ مت څت نو بوے۔,I won't be satisfied with one spoonful of salin.,
42,ڈوغیئک,ḍoγéik,vi,"to moo, low (of cows)",1,لیشُو ݯھُوے بیتی ڈوغیران۔,The cow is lowing from hunger.,
42,ڈوک,ḍok,n,"high ground, mound",1,ڈوک ژَغا خَتومان ساوزیران۔,He is making a house on high ground.,
42,ڈوک,ḍok,n,"high ground, mound",2,ڈوک ژَغا گان بو کوے۔,The wind blows a lot at elevated places.,
42,ڈوم,ḍom,n,professional musician (instruments only),1,ڈوم جونالیہ باشینیان۔,The Doms are playing in the ground.,
43,ڈوم,ḍum,n,"pile, heap; large quantity",1,بیرموغو ݯھَنیکو یُو غیری ڈُوم ہوے۔,"When the branches of the walnut tree were hit with a pole, a large quantity fell down.",
43,ڈونگو,ḍóngu,adj; n,"1) unripe (fruit); not fully cooked (food); (2) insensitive, thick-witted (of a person who doesn't consider the effects of his words on hearers)",1,ژوُڑی ڈونگو شینی۔,The apricots are unripe.,
43,ڈونگو,ḍóngu,adj; n,"1) unripe (fruit); not fully cooked (food); (2) insensitive, thick-witted (of a person who doesn't consider the effects of his words on hearers)",2,ڈونگو موش لُوغلط پراے۔,"The insensitive, thick-witted man said something wrong.",
43,ڈیم,ḍim,n,"1) headless body, trunk; (2) body of cow that dies of gas-swollen belly",1,سورو لیتانی دیمو نو لیتانی۔,They found the head but didn't find the body.,
43,ڈیم,ḍim,n,"1) headless body, trunk; (2) body of cow that dies of gas-swollen belly",2,لیشو ڈیم بیتی اوبریتاے۔,The cow died because of a swollen belly.,
43,ڈیمبَڑاڅ,n ḍim bɫats,adj,"round (three- dimensional, spherical)",1,ڈیم بڑاڅ دار انگیکوت ناواہڅی اریر۔,It was difficult to bring the round piece of wood.,
43,ڈیک,ḍek,n,leg,1,ڈیک ݯھومیتایا؟,"Does your, leg hurt?",
43,ڈینځیئک,ḍindzéik,vi,alternate pronunciation of,1,ڈینځیئی اف نیسی بغاے۔,He/she got angry and left.,
43,ڈینځوئیک,ḍindzóik,vi,to display anger (physically) and go away still angry.,1,ڈینځوئی اَف نیسی کوئی بغاے۔,He/she left in anger and went off somewhere.,
43,ڈیئک,ḍéik,vt,"to make feel cold, chill",1,اوغ مہ ڈیتاے۔,The water chilled me.,
43,راغیشٹی,raγéšṭi,adv,early,1,راغیشٹی روپھی گیے۔,Get up early and come.,
43,رَاو,raʋ,n,1) (large) flock; (2) species of rhubarb,1,اڑیو ای راو خور گوے۔,Another flock of ducks will come.,
43,راے,ray,n,1) thin mud; (2) opinion (< Urdu),1,اوغ راے بیتی لشٹ گازہ ٹِپ ہوے۔,Water has turned into thin mud and covered our lawn.,
44,رائیک,raík,vi,to bark,1,رینی رائیران۔,The dog is barking.,
44,رپَھیک,ruphík,vi,"1) to stand, get up; (2) to stand for election",1,بپ رُپھیکو نو بویان۔,The old man can't get up.,
44,رپَھیک,ruphík,vi,"1) to stand, get up; (2) to stand for election",2,اَورارار رپھیکو نو بیتام۔,I wasn't able to wake up.,
44,رپَھیک,ruphík,vi,"1) to stand, get up; (2) to stand for election",3,کما ژُن ووٹہ رُپھونیان؟َ,How many people are standing in the election.,
44,رکھوݰیک,rukhuṣík,vi,"to crawl, drag oneself along the ground",1,کوسیکو نو بویان۔ رُکھُوݰیران۔,He/she can't walk; he/she drags himself/herself along the ground.,
44,رکھیݰیک,rakheṣík,vt,to drag along,1,رکھیݰی اتی اوغو دراوے۔,Drag it away and throw it into the water.,
44,رَمبوغ,ramboóγ,n,beans (generic term),1,رَمبوغ جم کوش کوری شینی۔,The bean plants have produced good pods.,
44,رنگ,rang,n,color,1,نگیکو زپان رنگ نِسیتاے۔,With washing the color of the clothes came out.,
44,روخڅیک,roxtsík,vt,to forget,1,روخڅیک مہ سُو ݯوکی شیر۔,I have become forgetful .,
44,روخنی,roxní,n,charcoal,1,موچی روخنیار غیر کورُم کوریکو نو بوے۔,A blacksmith can't work without charcoal.,
44,روژایو,rožáyu,n,daughter-in-law,1,تہ روژایو تعلیمیا۔ بیتعلیم؟,Is your daughter-in-law educated or uneducated?,
44,روشت,rošt,adj,"bright, light",1,روشت کوری لوڑے لیس۔,Light the place; you will find it.,
44,روشت,rošt,adj,"bright, light",2,روشت دُنیوسار وفا نیکی۔,One cannot trust bright clouds .,
44,روݰ,roṣ,adv,"like that, in that way, such",1,روݰ جم کورُم ہوے۔,Such a good thing happened!,
44,رؤوݰ,roóṣ,adj,"1) gray, (2) female (of ducks)",1,رؤوݰ پاے چھانی اریر۔,The gray goat gave birth to a kid.,
44,رؤوݰ,roóṣ,adj,"1) gray, (2) female (of ducks)",2,ای رؤوݰ اڑی ماری الاے۔,He killed a female duck and brought it.,
45,روغ,roγ,n,"1) crack, (2) small runnels in a field; (3) species of pine",1,شیشہ روغ بغاے۔,The glass pane cracked.,
45,روغ,roγ,n,"1) crack, (2) small runnels in a field; (3) species of pine",2,روغ دار قیمت بیتی شیر۔,Pine wood has become expensive.,
45,روم,rum,n,tail,1,رینیو رُوم کیہ وت فروسک نو بوے۔,A dog's tail never becomes straight.,
45,رونڅیرو,rontsíru,n,male goat (younger than tic ̣),1,گُجُور رونڅیرو کوٹیتاے۔,The Gujur castrated the male goat.,
45,رونځیک,rondzík,vi,"to tremble, shiver",1,پُردُومو پوشی رونځیک مہ سورا پراے۔,When I saw the leopard I started trembling uncontrollably.,
45,روئیک,roík,vt,to dye,1,شُوتُر روئیک ورنگ گَنیتام۔,I bought dye to dye thread.,
45,روئیک,ruík,vi,"to grow (of crops, hair)",1,گاز رُوئیران۔,The grass is growing.,
45,روَے,roy,n,"person, people",1,روے بازاروت بینیان۔,People are going toward the bazaar.,
45,ریشٹ,rešṭ,n,avalanche,1,ریشٹ گیتی سین وبوتیتاے۔,An avalanche came and blocked the river.,
45,ریݰو,reṣú,n,"1) bull, ox; (2) stupid person",1,ریݰو قربانی اریر۔,He sacrificed a bull.,
45,ریݰو,reṣú,n,"1) bull, ox; (2) stupid person",2,فقط ریݰو تان بیراے۔,He/she turned out to be a complete idiot.,
45,رینی,reéni,n,dog,1,شاپیر مہ رینیو اویوے۔,A wolf ate my dog.,
45,ریئک,reék,vt,"1) to say; (2) read, study",1,توغوت ریکو دی کار نو اریر۔,Even when someone told him/her he/she did not listen.,
45,ریئک,reék,vt,"1) to say; (2) read, study",2,سبق ریکو بی اسور۔,He/she has gone to study.,
46,ڑاغ,ɫaγ,adj,1) hornless (of goat); (2) bald,1,ڑاغ پاے شیئتھان بوے۔,A hornless goat is mischievous.,
46,ڑاغ,ɫaγ,adj,1) hornless (of goat); (2) bald,2,ڑاغ کپال ڈیسئران۔,Someone’s bald head is feeling cold painfully.,
46,ڑاے,ɫay,adj,"having a design, patterned, printed, colored; n design, pattern",1,ڑاے زَپ دکانہ نیکی۔,There are no patterned clothes in the shop.,
46,ڑاے,ɫay,adj,"having a design, patterned, printed, colored; n design, pattern",2,مرݯ ڑاے دیتی شینی۔,The mulberries have begun to change color.,
46,ڑڅ,ɫits,n,riddle,1,ڑڅ دیک تہ خوشا؟,Do you like to tell riddles?,
46,ڑونگ,ɫung,adj,hornless (of bull or cow),1,ڑونگ ریݰو شوم کِݰیران۔,The hornless bull isn't plowing well.,
46,ڑوو,ɫow,n,fox,1,ڑوو کَہاکو اواے۔,A fox took the hen away.,
46,ڑوواکی,ɫowáki,adj,round (cylindrical),1,ڑوواکی دارا ݯھونیکو مہ ٹھوریتاے۔,"When I put my foot on the round log, it caused me to fall.",
46,ڑوَئیک,ɫuík,vi,to howl (wolf); to bray (donkey),1,بیری شاپیر ڑُوئیران۔,Outside a wolf is howling.,
46,ڑوَئیک,ɫuík,vi,to howl (wolf); to bray (donkey),2,گَوردوغ ڑُوئیران۔,The donkey is braying.,
46,ڑیخ,ɫex,n,curved blade-like implement for mixing flour and water,1,ڑیخو گون اوچھیتاے۔,The handle of the flour-mixing blade broke.,
46,ڑینگیک,ɫengík,vi,"to move, shake",1,گان کوریکو کان ڑینگونیان۔,The trees are shaking from the wind blowing.,
46,زاب,zab,n,insistence,1,زاب کوری مہ گَنی اواے۔,He/she insisted and took me with her/him.,
46,زار,zar,n,"gold, golden embroidered clothes",1,زارا مڑاغ کوری ژُورو ویݰیتاے۔,He/she wrapped his/her daughter with golden embroidery and married her off.,
46,زارو,zarú,adj,"old, aged; n old person",1,نن تَت زارُو ہونی۔,Someone's parents became old.,
47,زاڑیئک,zaɫéik,vt,"to shake (a tree to knock down fruit), (a person to wake him), (walls by an earthquake)",1,ژُوڑی زاڑیئی مَتے الاے۔,He/she shook an apricot tree and brought the fruit to me.,
47,زاڑیئک,zaɫéik,vt,"to shake (a tree to knock down fruit), (a person to wake him), (walls by an earthquake)",2,بولموژُو دِش زاڑیتاے۔,The earthquake shook strongly.,
47,زاغ,zaγ,n,animal fat (after rendering),1,زاغ ݰوݰپوت ٹاربَٹ رینی۔,ṣoṣp cooked in animal fat is called ṭárbaṭ.,
47,زاغ,zaγ,n,animal fat (after rendering),2,زاغی مو دوسے۔,Don't touch the fat.,
47,زانو,zánu,n,knee,1,زانُو ݯھَمُوران۔,My knee is hurting.,
47,زپ,zap,n,"clothes, garments",1,زَپ ناغزی ہونی۔,The clothes got dirty,
47,زچ,zač,adj,"lactating (of human, animal)",1,زچ لیشُو پہتَکوسار قیمَت۔,A lactating cow is more expensive than a dry one.,
47,زرنگیئک,zrangéik,vi,"to produce a metallic sound (e.g. metal bracelets, metal vessels), tinkle, clang, clash, clank",1,چومران زرنگیئی چھُویو بغانی۔,They rattled the metallic things and left at night.,
47,زروپ,zrup,adj,very close to one another; almost covering,1,اسمانی اِستاری زرُوپ نایُونیان۔,The sky seems almost covered with stars.,
47,زندگی,zindagí,n,life,1,زندگیا ایوال ایوالو سُو کوٹھُو دئیلیک۔,In life people should help one another.,
47,زنگار,zangár,n,"rustiness, metallic taste",1,زَنگار گَنی ځاہو خل خُور بیتی شیر۔,The taste of the salin has changed and become metallic.,
47,زوالو,zuwálu,adj,"tasty, sweet",1,دروݯ زُوالو نو بیتی شینی۔,The grapes haven't gotten sweet.,
47,زور,zor,n,"force, strength",1,زور کوری مہ گَنی کُوئی الوسان؟,Where are you taking me insistently?,
48,زوم,zom,n,mountain,1,زومار اوڅ نسی یُو گونیان۔,Springs emerge in the mountains and flow downwards.,
48,زومالو,zomálu,n,"small hill, hillock",1,زومالو نِݰپُوڑی راہو باند اریر۔,The hillock collapsed and blocked the road.,
48,زوموئیک,zomoík,vi,to yawn,1,اورارُو گیتی زوموئیکہ پراے۔,When he/she became sleepy he/she began to yawn.,
48,زونیک,zuník,vt,to beat (someone) soundly,1,جم زُونیکو اچھو بَچے تھوبہ اریر۔,When he was soundly beaten he repented for the future.,
48,زوہچ,zohč,n,goat/yak/ibex hair,1,ہیہ زمانا زوہچ شمینی کا نو کونیان۔,These days no one makes goat-hair ropes.,
48,زوئیک,zoík,vt,"to obey, acquiesce, agree to",1,تان بوغے۔ مہ لوا نو زوئیتاے۔,You go yourself; he/she didn't agree to what I have said. phlegmatic temperament,
48,زوئیک,zoík,vt,"to obey, acquiesce, agree to",2,زہچ رینی شاپیرو یار۔,A yellow dog is a friend of the wolf.,
48,زیپ,zip,n,good form/shape/order/condition,1,مہ اِشناری کیہ زیپہ نو شیرانی۔,My things turned out to be not in proper condition.,
48,ژان,žan,n,life; term of endearment,1,ژان ځاہ نو ہویا؟,Hasn't your life been moistened?,
48,ژغہ,žaγáh,n,place,1,ژَغہ بَدیلی کوسیا؟,Shall we change places?,
48,ژَنگ,žang,n,war,1,ژَنگ بیرُوا تباہی بیسیر۔,If war had begun there would have been destruction.,
48,ژَانوار,žanwár,n,"animal, living creature",1,ژانواران موُژی کیاغ پھُوک کیاغ لوٹ۔,"Among animals, some are small, some large.",
49,ژاو,žaʋ,n,son,1,ہیہ مہ ژاو۔,This is my son.,
49,ژاو,žaʋ,n,son,2,ژُاو اژیکو ڈازی کونیان۔,When a son is born people fire in the air.,
49,ژو,žo,n,grain,1,ژو قیمت ہوے۔,Grain became expensive.,
49,ژور,žuúr,n,daughter,1,ژُور چُمُوٹکیر کہ ہوے موشانتے دونی۔,"When a daughter reaches marriageable age, she is married off.",
49,ژوڑ,žoɫ,n,nut kernel,1,ژوڑو تیل مہ ݯھَمیتاے۔,The oil of nut kernels caused me pain.,
49,ژوَڑی,žuɫí,n,apricot (tree or fruit),1,ژوڑی پوچیرو پَلوغ گوغینی۔,The apricots are ripe; the apples are bug-infested.,
49,ژون,žun,n,"person, individual",1,چور ژون سیرا پھار نِسانی۔,Four persons crossed the bridge.,
49,ژونو,žúnu,adj,alive,1,ژُونوُ اسور۔ وَہُم مو بور۔,He/she is alive; don't worry.,
49,ژوے,žoy,n,water channel,1,ژویہ بی اوغ یو دیت۔,Go to the water channel and let water flow down here.,
49,ژیُبیک,žibík,vt,to eat,1,ݰپیک نو ژیبویان۔,He/she isn't eating.,
49,ژیرَغیئک,žirγéik,vi,"to cry loudly, shriek, scream",1,چَموٹ پولوئیکو ڈق ژیرغیتاے۔,When his finger was burned the boy shrieked.,
49,ژیریئک,žiréik,vt,"to tolerate, bear, suffer; to be patient",1,ژیریئکو زار۔ نو ژیریئکو ݱار۔,To be patient yields gold; not to be patient yields poison.,
49,ژینگوغ,žingóγ,n,scorpion,1,ژینگوغو پوشی چیغ اریر۔,He/she saw the scorpion and shrieked,
49,ژیری,žéri,n,"festivities, celebration, feast",1,ژیری ژُوتی ہاتام۔,I came after eating at a celebratory feast.,
50,ژیل,žil,n,blanket,1,ژیل پھُوک بیراے۔,The blanket turned out to be small.,
50,ژین,žen,n,"charpai, cot",1,ژین ڈٹ بیراے۔ اوریئکو نو بیتام۔,The charpai was loose; I couldn't sleep.,
50,ݱار,ẓar,n,poison; (2) adj quick,1,ݱار دیتی رینیو مارتانی۔,They gave the dog poison and killed it.,
50,ݱار,ẓar,n,poison; (2) adj quick,2,ݱار بوس۔,Hurry up! Be quick!,
50,ݱَق,ẓaq,adj,"thick, viscous (of liquids)",1,جم ݱَق څاے کورے۔,Make nice thick tea.,
50,ݱَنگ,ẓang,adj,high,1,ݱَنگ نِسیکو مہ ژانہ غیری ہاے۔,"On climbing high, I felt dizzy.",
50,ݱوت,ẓot,adv,"1) early in the morning, (2) some time ago, (3) already, (4) adj previous",1,چھُوچی ݱوت  روپھیلیک۔,One should get up very early in the morning.,
50,ݱوت,ẓot,adv,"1) early in the morning, (2) some time ago, (3) already, (4) adj previous",2,ݱوت زمانا ݯھیترار اکلاݰان حُکومت اوشو۔,"In previous times, the Kalash ruled in Chitral.",
50,ݱوغ,ẓoóγ,adj,"thin (humans, animals)",1,ݱوغ کیڑیو کُتیرار کیہ شنگ۔,A thin sheep doesn't fear the knife.,
50,ݱوغ,ẓoóγ,adj,"thin (humans, animals)",2,بوسون بیکو کیڑی ݱوغ بونی۔,When spring comes sheep are thin.,
50,ݱونگ,ẓong,adj,"tallish, longish, conical",1,ݱونگ زومالہ کوڑُو اسُور۔,There is a partridge on the conical hill.,
50,ݱََؤونگ,ẓoóng,adj,"leaning over, with neck stretched out",1,ݱوؤَنگ بیتی لوڑے پَشیس۔,Lean over and look; you will see it.,
50,ݱیقھیئک,ẓiqhéik,vi,to creak,1,دواہت ݱیقھیران۔,The door is creaking.,
51,ݱینگیئک,ẓingéik,vt,to pull,1,ہیت ݱینگیئکو نو بیتانی۔,They were not able to pull it.,
51,سادہ,sadá,adj,"simple, innocent",1,قَدیمو روے بو سادہ بیرانی۔ُ,People in the old days were very simple.,
51,ساوُز,saʋz,adj; n,"blue or green; in good order, fixed, working; a quick tune or rhythm",1,ساوز شُوتُر مہ سوم نیکی۔,I don't have any blue thread.,
51,ساوُز,saʋz,adj; n,"blue or green; in good order, fixed, working; a quick tune or rhythm",2,ہےڈق ساوزہ پھونیکہ جم۔,That boy is good at dancing to quick tunes.,
51,ساوَسان,saʋsán,n,iris,1,ساوسان بوہَردی ݯوکونو گَمبوری۔,The iris is a very attractive flower.,
51,سایورج,sayúrj,n,falcon,1,سایورج کوڑو دوسیکو بوے۔,A falcon can catch partridges.,
51,ستھار,sithár,n,Chitrali sitar (different from sitar of plains),1,سِتھارو سِم قیمتب یتی شیسنی۔,Sitar wires have become expensive.,
51,سخ,sux,adj,pointed,1,سُخ بوہت مہ پونگتو اِشٹوغ ہوے۔,A pointed rock pierced my foot.,
51,شخ,six,n,"pointed piece of metal, skewer",1,سِپاہی سَمانان سِخ دیتی لوڑیتاے۔,The soldier looked at the cargo by piercing it with a pointed piece of metal.,
51,سخت,saxt,adj; n,"1) severe, intense, adv very much; (2) loom",1,ہے ڈق سخت ݰئیلی ݰابوک بیتی اسور۔,That boy makes a very handsome bridegroom.,
51,سخت,saxt,adj; n,"1) severe, intense, adv very much; (2) loom",2,شُوؤ سخت تو بِنیلیک۔,The bolt of homespun cloth should be woven on a loom.,
51,سخی,saxí,adj,generous,1,سخی روئے سَفو خوش بوے۔,Everyone likes a generous person.,
51,سروز,sarúz,n,juniper,1,سَرُوز دار ݰاو پُولی نو بوے۔,Juniper wood doesn't decay quickly.,
51,سسیری,sasíri,adj,bareheaded,1,سَسیری بیتی یوری مو کوسے۔,Don't walk bareheaded in the sun.,
52,سف,saf,adj,all,1,ہَنٔون سف انسان غمژٔونی بیتی اسونی۔,Today all human beings are grieved.,
52,سگون,sugún,n,fenugreek (methi),1,سُگُون شخ پھُوک تروق بوے۔,Cooked fenugreek is slightly bitter.,
52,سملت,samlát,n,mustache(s),1,ہے ڈَقو سملت گیتی شینی۔,That boy's mustaches have appeared.,
52,سمندار,samandár,n,ocean; large body of water,1,دَریا ایتو دیتی سمندار غیرونیان۔,The rivers are coming together and becoming a sea.,
52,سنُجوَر,sinjúr,n,jujube,1,سِنجور اِسپرُوؤ ساری دُوستو ووری وور بیراے اے۔,"O, the sweet scent of the beloved is even more fragrant than the scent of sinjur blossoms.",
52,سنگوی,sangaví,n,otter,1,سَنگَوی سینو موژو ہَل وے۔,Otters live in the river.,
52,سوت,sot,adj,seven,1,سوت بس ہوے۔ اِی سَبر بَݰیران تان۔,It's been seven days; it has been raining continuously.,
52,سور,sor,n,"1) head, (2) ear (of grain)",1,ہیس مہ سورو ݯھَمیتاےس۔,It gave me a headache.,
52,سور,sor,n,"1) head, (2) ear (of grain)",2,غریب روے سور څوپی داپھینیان۔,Poor people are picking up ears of grain and pounding them.,
52,سورار,sorár,n,1) cream; (2) adv from above,1,ݯھیرو سوری سورار نو شیراے۔,There isn’t any cream on the milk.,
52,سورم,sórum,n,gold,1,ݯھیترارا سورُم بو شیر۔,There is a lot of gold in Chitral.,
52,سوروغ,soroóγ,n,water rationing turn (part of complex traditional water rationing and allottment system),1,سوروغو نسی نیزیتام۔,I completely utilized my turn for water.,
52,سومیئک,soméik,vt,"to decorate, adorn, dress up",1,کُومورو بو ݰئیلی سومیئی اسسور۔,The girl has been beautifully dressed up.,
53,سوئیک,suík,vt,"to sew, stitch",1,ہیس زپ سوئیک ݯیݯھُوران۔,He/she is learning how to stitch clothes.,
53,سوئی,soí,n,soot,1,کھُوشون بیکین ختان سوئی ݯوکی شیر۔,Because of smoke the room is sooty.,
53,سہشنبہ,sešambéh,n,Tuesday,1,پینگاہ سہشنبہ بوے۔,The day after tomorrow will be Tuesday.,
53,سیر,ser,n,bridge,1,چھاونیؤ سیرا ٹرک پھار نسسیران۔,A truck is crossing to the other side of the Cantonment Bridge.,
53,سیرجو,širjú,n,lentils,1,سیرجو پختی بوزوالو اِشناری۔,Boiled lentils are a very tasty thing.,
53,سیرجو,širjú,n,lentils,2,سیرجو بوسُنو وختہ کِݰیلیک۔,Lentils should be sown in the spring.,
53,سیرجو,širjú,n,lentils,3,سیرجو سرحَد ژغا جم بوے۔,Lentils grow well in the high mountain areas.,
53,سیری,síri,n,barley,1,سیری کَندُوریہ سیر؟,How much does barley cost per seer?,
53,سیریک,serík,vt,"to haul, to carry from one place to another continuously",1,پِلیلی پھولوک سیرینیان۔,The ants are busy carrying grains.,
53,سین,sin,n,river,1,سین گرِݰپو بیکو بو زیاد بویان۔,The river rises when summer comes.,
53,شاپیر,šapír,n,wolf,1,شاپیر کیڑیٔو ژُوتی بوغدُو۔,A wolf ate the sheep and went away.,
53,شال,šal,n,"cattle house, room for cattle",1,گُوجورو شال دُودیری شیر۔,The Gujur's cattle house is far away.,
53,شام,šam,n,"evening, dusk (i.e. when the sun's direct rays are no longer visible)",1,شامو ݰَپیکوتے بوؤَت رینی۔,The evening meal is called boót.,
53,شان,šan,n,courtyard,1,شانہ نِشیسیا دُوری نِشیسی؟,Shall we sit in the courtyard or in the house?,
54,شت,šut,adj,sour; n sour substance remaining after buttermilk is dehydrated,1,ہَنیسے دروݯ شُت شینی۔,Now the grapes are sour.,
54,شخ,šax,n,vegetable (cooked or raw),1,سوُگون بو مَنشور شخ۔,Methi is a very well-known vegetable.,
54,شخَیئک,šaxéik,vt,"to pound (a wet, soft thing)",1,لینو شَخیئی کُچھایہ دیکو ویزی کوے۔,"If one pounds hollyhock and puts it on a boil, it cures it.",
54,شڈال,šaḍál,adj,"unfinished; e.g. uncut (stone), not completely ripe (crop)",1,ہیس شَڈال کھانجو مِسری۔,He is a mason who makes uncut stone walls.,
54,شڈال,šaḍál,adj,"unfinished; e.g. uncut (stone), not completely ripe (crop)",2,ہیہ سال اُݰاکیئین شَلی شَڈال بغاے۔,This year because of cold weather the rice remained unripe.,
54,شرَاڑ,šaráɫ,adj,"stale, not fresh",1,شَراڑ پَختی ݯھَمیر۔,Stale rice causes a stomach ache.,
54,شران,šarán,n,alternate form for,1,شرانہ ݯھیرو غوݯھار سورا پھوردُو۔,In the courtyard there is a foaming waterfall; above there are trees.,
54,شربڑانگ,šarbaɫáng,n,"species of mynah, which has beautiful head feathers",1,شَربڑانگ بو ݰئیلی چوڑیر۔,The mynah sings beautifully.,
54,شرو,šáru,adj,cool; n coolness,1,اَنوازو شَرو گان بو مزا اریر۔,The cool morning breeze was very pleasant.,
54,شرہ,šará,n,"markhor, deer",1,شرہ ݱَنگ زومہ ہال بوے۔,Markhor live in high mountains.,
54,شریکی,šaréki,n,starling,1,شَریکی بو گور بوے۔,Starlings are very alert.,
54,شغور,šuγúr,n,sand,1,شُغُور کہ الانی پَلَستیر شُرُوغ کونی۔,When they bring sand they will start to plaster.,
54,شکھور,šukhúr,n,umbrella,1,بوݰیکو شُکھُور دارین بوے۔,When it rains an umbrella is used.,
55,شلاک,šalák,n,grasshopper,1,شلاک څروٹھیران۔,The grasshopper is jumping.,
55,شلاک,šalák,n,grasshopper,2,شِلوغ دیاوا مہ اورارُو ہاے۔,"While I was telling a story, I felt sleepy.",
55,شلی,šalí,n,"paddy, rice in field",1,سرحدین شَلی نو بوے۔,Rice doesn't grow in the high mountainous regions.,
55,شمَان,šimán,n,drawstring,1,پھروالی شِمان ناوے۔,Put a drawstring in the shalwar.,
55,شنبَہ,šambéh,n,Saturday,1,ہنُون شنبہ ساعت شیر۔,Today is Saturday.,
55,شنگور,šangúr,n,intestines,1,استورو شَنگُور درُونگ بوے۔,The intestines of a horse are long.,
55,شنگور,šangúr,n,intestines,2,شُو تیار بیتی شیر۔ بہتینی نُما۔,The handspun cloth is ready - they haven't yet kneaded it with their feet.,
55,شنگور,šangúr,n,intestines,3,سُو میوان ژیِبویان۔,The porcupine is eating fruit.,
55,شوبیناک,šubinák,n,spider,1,شُوبیناک اِسپرازگہ ماڑ دیتی اسور۔,A spider has made a web in the ceiling.,
55,شوپینگاہ,šupingáh,n,the third day after today,1,شُوپینگاہ مہ اِمتِحان شیر۔,I have an examination three days from now.,
55,شوت,šot,n,oath,1,شوت چَوئیک جم نو۔,It is not good to swear oaths.,
55,شوخڅیک,šoxtsík,vi,"to pass, to pass away (i.e. die)",1,لِہاز شوخڅیرُو بیراے۔,The patient has died.,
55,شوتر,šútur,n,thread,1,شُوترو شُونجی پِتین کورے۔,Put the thread in the needle.,
55,شور,šor,adj,a hundred,1,شور روپیہ مہ ضرورت بونیان۔,I need a hundred rupees.,
56,شورو,šoró,n,autumn,1,اگیستار اچی شورو باو گوے۔,"After August, autumn gradually comes.",
56,شورو,šoró,n,autumn,2,شورو کہ ہوے اݰاکی تیزیر۔َ,When it has become autumn the cold increases.,
56,شریئک,šuréik,vt,"to instigate, incite, egg on",1,شُراوے مو۔ روے ایِغو دونی۔,Don't incite the people; they will fight with each other.,
56,شوڑ,šoɫ,n,reed,1,شوڑ قلم خوشخط نِویشیران۔,The reed pen is writing beautifully.,
56,شوقہ,šoqá,n,Chitrali robe of handspun woolen cloth,1,شوقہ ݯھیترارو قومی انجارُم۔,The shoqa is a Chitrali national dress.,
56,شوکھور,šokhór,n,sugar,1,شوکھور قیمَت بیتی شیر۔,Sugar has become expensive.,
56,شوم,šom,n,"lowest part of a traditional Chitrali house, nearest to the door",1,شومو دار دونی۔,Keep wood in the lowest part of the house.,
56,شوم,šum,adj,bad,1,شوم ژاووتے کیہ یراغ۔,A bad son is not worthy to have a weapon.,
56,شوَمکھیکشوَنکَھیک,šunkhík,vt,"to smell, sniff",1,شُونکھیکوت څت دی نو پراے۔,He/she didn't give me enough even to sniff.,
56,شوَمکھیکشوَنکَھیک,šunkhík,vt,"to smell, sniff",2,گَمبوری شونکھی اِشتروخیتام۔,"Sniffing the flower, I sneezed.",
56,شومیک,šumík,vi,"to hesitate, worry about",1,اِمتِحانو موڑار اوا شُومیمان۔,I am worried about the examination.,
56,شن,šun,n,lips,1,تہ شنہ اوغ پیݯ نو بویان۔,Water doesn't stay warm on your lips.,
56,شونج,šunj,n,"needle (for sewing, hand of timepiece)",1,شُونج ہرکوس حَجاتہ گوے۔,Everyone needs a needle.,
56,شیپیک,šepík,vt,to clean by pushing aside; to shovel/scrape (snow),1,روے ای بیتی ژوے شیپینیان۔,The people are cleaning the water channel together.,
57,شیتو,šétu,n,buttermilk,1,شیتُو پیکو مہ اورارُو ہاے۔,On drinking buttermilk I felt sleepy.,
57,ݰا,ṣa,adj,"1) black; (2) tired of, sick of",1,کاغو رنک ݰا بوے۔,Crows are black.,
57,ݰا,ṣa,adj,"1) black; (2) tired of, sick of",2,تہ سار ݰا ہوتام۔,I’m tired of you.,
57,ݰابوک,ṣaboók,n,"bride, bridegroom",1,ݰابوکو چھوچی انگونیان۔,They are bringing the bride tomorrow.,
57,ݰابوک,ṣaboók,n,"bride, bridegroom",2,ہے ڈق سخُت ݰئیلی ݰابوک بیتی اسور۔,That boy is wearing very beautiful wedding clothes.,
57,ݰاخر,ṣáxur,n,ray (of light),1,یورو ݰاخُر موخینی توری شیر۔,The rays of the sun have reached the veranda.,
57,ݰادر,ṣádar,n,"servant, retainer (especially of Mehtar of Chitral)",1,مہ تت مِتارو ݰادر اوشوے۔,My father was a retainer of the Mehtar of Chitral.,
57,ݰاو,ṣaʋ,adv,quickly,1,ݰاؤ مہ پوشے۔,Meet with me soon.,
57,ݰأوک,ṣaúk,n,"1) slipknot, (2) stitch (in knitting)",1,ݰاؤُک لینو بِچھیریک اسقان۔,It is easy to untie a slipknot.,
57,ݰأوک,ṣaúk,n,"1) slipknot, (2) stitch (in knitting)",2,پھوُکو ژَراپو جُو بیشیر ݰاؤُک بونی۔,There are 40 stitches in a child's sock.,
57,ݰایوز,ṣáyoz,n,"glacier (clean ice, not containing rocks or soil)",1,ݰایوز یُو غیریتاے۔,The glacier fell down.,
57,ݰبڑوکی,ṣabɫúki,n,"clover, shamrock",1,ݰَبڑوکیو گاز بو ݰئیلی بیتی شیر۔,The clover field has become very beautiful.,
57,ݰپیک,ṣapík,n,"bread, food, meal",1,ݰَپیک تیار بیتی شیر۔,The food is ready.,
57,ݰپیک,ṣapík,n,"bread, food, meal",2,مہ ژُوؤر ݰَپیک کوریک بوے۔,My daughter is able to make bread.,
58,ݰت,ṣit,n,target,1,مہ تھوئیک ݰِتی نو توریتاے۔,I didn't hit the target with my rifle.,
58,ݰݯ,ṣic̣,adj,"clean, clear, transparent (water)",1,ݰِݯ اُوغ زَپو جم صفا کوے۔,Clear water cleans clothes well.,
58,ݰڑمو,ṣaɫmú,n,turnip,1,ݰَڑمو سَفان سار ارزان شَخ۔,Turnips are the cheapest vegetable.,
58,ݰمَاغ,ṣamáγ,n,veil (of burqa),1,کُومورُو مُخو ݰَماغ درا اسور۔,The girl has covered her face with a veil.,
58,ݰمݰوَےُ,ṣamṣóy,n,action of cleaning rice by washing in water several times to remove small rocks and sediment,1,گرینجو ݰمݰوے کوریکو بوہت اچی نسانی۔,"When the rice is washed in water, the stones remain behind.",
58,ݰو,ṣu,adj,"crooked, misaligned",1,مِسری مہ خَتانو ݰُو کوری اسور۔,The mason has made my room crooked.,
58,ݰو,ṣu,adj,"crooked, misaligned",2,ہیہ چلائیغار ݰُو بیراے۔,This cloth is crooked.,
58,ݰودُیک,ṣo dík,vt,to search (as in a raid),1,ݰو دیتی تھُوئیکو نیتانی۔,They searched and found the rifle.,
58,ݰواے,ṣawáy,n,type of bead,1,څیڅیقان گوڑی ݰَواے نو نیزیلیک۔,One should not put beads on children's necks.,
58,ݰواے,ṣawáy,n,type of bead,2,کُومورو ݰَوائے بوتی اسور۔,The girl is wearing beads.,
58,ݰوتار,ṣotár,n,stony ground in dry river bed,1,ݰوتاری کھیوتے کَسیسان؟,Why are you walking around in the dry river bed?,
58,ݰوݯک,ṣuc̣k,n,"special clay or silt used for coating slates for writing, also as clay ink",1,څیڅیق ݰوݯکوغو سورا نِویشینیان۔,The children are writing with clay dissolved in water.,
58,ݰوخ,ṣox,adj,miserly,1,تُو سخت ݰوخ موش۔,You are a very miserly man.,
58,ݰور,ṣor,adj,"salty, very salty, too salty",1,ځاہو ترُوپ ݰور بیتی شیر۔,There is too much salt in the food.,
59,ݰوربہ,ṣorbá,n,"gravy, liquid part of cooked dish, broth",1,اوا ݰوربہ ٹھُوریمان۔,I am sipping broth.,
59,ݰورہ,ṣuráh,n,"saltpeter (potassium nitrate), extracted and crystallized to make gunpowder",1,ݰُورار ویز ساوزین بوے۔,Gunpowder can be made from saltpeter.,
59,ݰوڑیݰپ,ṣoɫéṣp,n,glue,1,سِتھارو ݰوڑیݰپ درے اِیتُو ݯَکینیان۔,A sitar are joined together with glue.,
59,ݰوݰپ,ṣoṣp,n,"Chitrali halwa, made from flour of sprouted wheat mixed with ordinary wheat flour",1,توخمیرانوتے ݰوݰپ کورور۔,Make Chitrali halwa for my in-law.,
59,ݰوک,ṣok,n,path made in snow by walking repeatedly over it,1,راولیئین ݰوک بیتی شیر۔,A path has been trodden into the snow at Lowari Top.,
59,ݰوَےُ,ṣoy,adj,near,1,مہ دُور راہوتے ݰوے شیر۔,My house is near the road.,
59,ݰوئیک,ṣoeék,vi,"to approach, come near",1,ایغوتے ݰوئیے نِشور۔,Sit close to each other.,
59,ݰیغن,ṣéγun,n,liver,1,لیشپاے کُݰی ݰیغنو بوڑیتانی۔,They slaughtered an animal and roasted the liver.,
59,ݰیک,ṣek,n,"1) front skirt of shirt, (2) lap",1,مہ ݰیکو پَلوغ شینی۔,I have apples wrapped in the front part of my shirt.,
59,ݰیک,ṣek,n,"1) front skirt of shirt, (2) lap",2,پھُوک ڈَق مہ ݰیکہ نِشی اسور۔,The little boy is sitting on my lap.,
59,ݰئَیلی,ṣiéli,adj,beautiful,1,ہَنُون تو سَخت ݰِئیلی بیتی اسوس۔,Today you are looking very beautiful.,
59,ݰئَیلی,ṣiéli,adj,beautiful,2,ݰِئیلی رویو لو دی ݰِئیلی بوے۔,The words of a beautiful person are also beautiful.,
59,صبر,sábur,n,patience,1,صَبُر کَوریک بو مِشکل اِشناری۔,To be patient is a difficult thing.,
60,صحیح,sahí,adj,"correct, right",1,صَحیح لُو کیہ وت دی تونج نو بوے۔,Correct words are never lost.,
60,صحیح,sahí,adj,"correct, right",2,سوالو صحیح جوابو نو پراو۔,You didn't give the correct answer to the question.,
60,صفا,safá,adj,clean,1,ہمیشہ صفا زپ انجیلیک۔,One should always wear clean clothes.,
60,ضائع,zayá,adj,"wasted, damaged, lost",1,پایسان ضائع مو کورے۔,Don't waste your money!,
60,ضائع,zayá,adj,"wasted, damaged, lost",2,ٹھور بیتی توغو بازُو ضائع ہوے۔,When he/she fell down his/her arm was injured.,
60,عاشق,ašéq,n,lover,1,عاشق دوستو بچے تَن ژانو دی دوے۔,A lover will give even his life for his beloved.,
60,عجز,ajíz,adj,"humble, meek",1,ہیس بو عجِز ڈَق۔,He is a very meek boy.,
60,عزَت,izát,n,"honor, respect",1,مہ ژاو متے بو عزَت کویان۔,My son shows me much respect.,
60,عشق,išq,n,"love, passion",1,عشق ہر اِیوالو سُم کورین نو بوے۔,One cannot fall in love with everybody.,
60,عواض,iwáz,n,"exchange, trade",1,اوا ہیہ زمینو پایسو عِواضہ گَنی اسوم۔,I have bought this land in exchange for money.,
60,عواض,iwáz,n,"exchange, trade",2,مہ تو خمیران ریݰُؤو عواضہ لیشو مت پراے۔,My in-law gave me a cow in exchange for a bull.,
60,عورت,awrát,n,woman,1,عورَت انسانو زندگیو بو لوٹ مَلگیری۔,A woman is a great companion in a person's life.,
60,غایبانہ,γaybaná,n,work shirker (one who avoids work when not supervised),1,ہے مُزدور بو غایبانہ۔,That laborer is a great work shirker.,
61,غار,γar,n,cave,1,غارو بیکو بوسا؟,Can you go down into the cave?,
61,غاربیل,γarbél,n,wide-meshed sieve for grain,1,غاربیل ژوؤ صفا کویان۔,A sieve cleans grain.,
61,غاری,γarí,n,high pastures,1,گریݰپو وختہ غاریتو شَرُو بوے۔,In the summer it is cool in the high pastures.,
61,غاڑ,γáɫ,n; adj,"1) game (e.g. polo, hockey, football); (2) loose (e.g. screw)",1,اسپہ ہر انوس غاڑ کوسیان۔,We play hockey/polo every day.,
61,غاڑ,γáɫ,n; adj,"1) game (e.g. polo, hockey, football); (2) loose (e.g. screw)",2,مہ قَلمو بِل غاڑ بیتی شیر۔,The cap of my pen has become loose.,
61,غاڑوڅن,γaɫótsun,n,polo stick,1,برار مَتے غاڑوڅن انزیئی اسور۔,My brother has sent me a polo stick.,
61,غاوَغاو,γaʋγáʋ,n,"verbal fight, noisy quarrel, wrangling",1,عورتان کھیوتے غاوغاو کونیان؟,Why are the women quarreling noisily?,
61,غروَݱ,γroẓ,n,gravel,1,چھَتوتے غروݱ سیرینیان۔,They are carrying gravel to the pond.,
61,غروسک,γrosk,n,willow branches cut as fodder during the spring season when fodder is in short supply,1,لیشپاے غروسکان اویونی۔,The sheep and goats ate the willow branches.,
61,غݱیئک,γaẓéik,vt,1) to crawl on the skin and cause itching. (2) to go on a tour (e.g. of a government officer),1,پِلیلی مہ غݱیران۔,An ant is crawling on my skin and causing an itching sensation.,
61,غݱیئک,γaẓéik,vt,1) to crawl on the skin and cause itching. (2) to go on a tour (e.g. of a government officer),2,میتار تن مُلکھو مُوژی غَݱیران۔,The Mehtar is touring in his country.,
61,غلاموس,γalamús,n,"low-class person, uncultured person",1,غَلامُوس روے کوس عزتو ہوݰ نو کوے۔,An uncultured person does not know how to respect anyone.,
61,غوٹ,γoṭ,adj,"dumb (not able to speak), feeble- minded, mentally retarded",1,غوٹ رویو کارا نو دوے۔,A dumb person cannot hear.,
62,غوچو,γočú,n,"patch of hide, leather (of large animal)",1,کون بَخ بیکو غوچو دراوتانی۔,"When skin shoes got holes in them, they used to patch them with leather.",
62,غوݯھار,γoc̣hár,n,waterfall,1,غوݯھارا ہوست نگیکو سخت مزا کویان۔,When one washes his hands in a waterfall it is very enjoyable.,
62,غوڅیک,γotsík,vt,to clean grain (all stages),1,کیمیریان ژوؤ غوڅینیان۔,The women are cleaning grain.,
62,غوردومیک,γurdumík,vi,"to charge at someone in anger, ready to fight (ram, person)",1,دِشُول کوریکو سُو تان اوا توؤتے غوردومیتام۔,"As soon as he abused me, I charged at him ready to fight.",
62,غوردیئک,γurdéik,vt,to move (eggs) around (hen when sitting on eggs),1,کہاک ائیکُونان غُوردیران۔,The hen is moving her eggs around.,
62,غورژیر,γoržér,adv,three years ago,1,ہون گیک غورژیر اوشوے۔,The flood was three years ago.,
62,غوری,γorí,n,platter,1,پختیو غوریہ دیت۔,Put the rice in the platter.,
62,غوریر,γorér,n,"large earthen vessel, with round bottom and smaller neck",1,غوریرو شیتوُ کونیان۔,They are making buttermilk in an earthen pot.,
62,غوڑی,γoɫí,n,rabbit,1,غوڑیو پرُوشٹیو ڈیک اِسکُوردی بونی۔,A rabbit's front legs are short.,
62,غوز,γuúz,adj,"slow-moving, lazy",1,مہ ریݰُو سخت غُوز۔,My bull is very slow-moving.,
62,غوََزار,γuzár,n,"step, pace",1,لَش غُوزار لَکھے۔,Step slowly.,
62,غوش,γoš,n,free time,1,مہ تہ سُو لُوا ݯوکیکو غوش نو بویان۔,I won't have time to chat with you.,
63,غولوٹ,γolúṭ,n,"swallow, draught (of liquid)",1,اُݰاک اوغ جُو غولوٹ تان انسانوت څَت بوے۔,Two swallows of cold water are enough to satisfy a person.,
63,غون,γon,postposition,"1) like, similar to; (2) n outer cloth of a coat (or other garment), as opposed to the lining.",1,ژُور تن نَنو غون۔,The daughter is just like her mother.,
63,غیئارم,γeyárum,n,cooking/eating vessels/utensils,1,غیئارمان نگی نگوغو اف اُلاوے۔,Wash the dishes and throw out the dishwater.,
63,غیئارم,γeyárum,n,cooking/eating vessels/utensils,2,دُوروت غیئارُم کرینیمان۔,I am buying utensils for the house.,
63,غیچ,γeč,n,eye,1,غیچ بو نازُک اِشناری۔,The eye is a very delicate thing.,
63,غیچ,γeč,n,eye,2, اواتن ژاوو گیکوتے غیچ کومان۔,I am waiting for my son's arrival.,
63,غیچودیاک,γečodyák,n,dragonfly,1,غیچودیاکو چور وراُزن بونی۔,A dragonfly has four wings.,
63,غیردیک,γerdík,vi,"to move in a circular motion, revolve, rotate, turn",1,خورا غُیردوران۔,The water mill is turning.,
63,غیردیئک,γerdéik,vt,to cause to move in a circular motion,1,ڈق کرامیک لیشان غیردیران۔,The boy is driving the threshing animals around in circles.,
63,غیرغیر,γerγér,adj,walking around and around (as when not wanting to leave somewhere); (2) n small amount of grain and small stones left after cleaning grain,1,مہ پھُوک ژاو نَنوتے غیرغیر بیتی بیہچی اسور۔,My little son doesn't want to leave his mother.,
63,غیرغیر,γerγér,adj,walking around and around (as when not wanting to leave somewhere); (2) n small amount of grain and small stones left after cleaning grain,2,ژوؤ غوڅی غیرغیران اف اُلاوے۔َ,Clean the grain and throw the remaining few grains and stones out.,
63,غیرنانو,γernánu,n,whirlpool,1,صندوق غیرنانا غیرُدوران۔,The box is revolving in the whirlpool.,
63,غیرناغیر,γernaγér,adj,"turning again and again, zigzag",1,راولیتو پون غیرناغیر کوری شیر۔,On Lowari Pass the road has been made with many turns.,
64,غیڑیئک,γeɫéik,vt,"1) to curl hair (artificially), (2) to swirl (e.g. a piece of salt in tea to make it salty), (3) to look around/through/over things and select something that pleases one",1,کُومورو پھُران غیڑیئی اسور۔,The girl has curled her hair.,
64,غیڑیئک,γeɫéik,vt,"1) to curl hair (artificially), (2) to swirl (e.g. a piece of salt in tea to make it salty), (3) to look around/through/over things and select something that pleases one",2,تروپو چایو غیڑاوے۔,Swirl the salt in the tea.,
64,غیڑیئک,γeɫéik,vt,"1) to curl hair (artificially), (2) to swirl (e.g. a piece of salt in tea to make it salty), (3) to look around/through/over things and select something that pleases one",3,ہمی قلَمان موژی غیڑیئی گانے۔,Look over these pens and select one you like.,
64,غیژی,γéži,adj,alone,1,غیژی بیکو بوسا؟,Can you go alone?,
64,غیسار,γésar,n,row of flat stones or planks placed on top of a mud wall to protect it from rain,1,کَچا کَھانجو سوری غیسار غیریئک بو ضروری۔,It is very necessary to place a row of stones or planks on top of a mud wall.,
64,غیئک,γéik,vt,"to utilize, exploit (person); to use (thing)",1,غوٹو مُخت غیران۔,He/she is getting a lot of work from the mentally retarded person without payment.,
64,فاندَیک,fan dik,vt,to deceive,1,تو اِنگار چَنگاو مہ فان دوسان۔,You are just lying and deceiving me.,
64,فایدہ,faydá,n,benefit,1,تعلیم سَفانتے فایدہ تاریئی شیر۔,Education has benefited everyone.,
64,فرَاخ,frax,adj,"open, loose",1,فراخ پِیران تہ سُو جَم نایوران۔,A loose shirt suits you.,
64,فرنگی,farangí,n,"foreigner (European); (2) adj flowered, printed (of cloth)",1,عورتان فرنگی زپ انجونی۔,Women wear flowered clothes.,
64,فرٹ,fruṭ,adj,"brittle, not flexible",1,فرٹ دار کھیوتے گون نو بوے۔,Brittle wood can't be used for the handle for anything.,
64,فروخ,frox,n,"snout, muzzle (of animal)",1,کرامیک بوتاوا لیشان فروخی بَتینی۔,When harnessing animals for threshing they tie the cows by their muzzles.,
65,فروسک,frosk,adj,"straight, true",1,فروسک دار ٹھُون بوے۔,A straight piece of wood can be made into a pillar.,
65,فروسکیئک,froskéik,vt,1) to straighten; (2) to investigate and straighten out a matter (by determining the truth); (3) to straighten a dead body for burial,1,چُومرو فروسکیئی حجاتہ انگین بوے۔,Iron can be made usable after straightening.,
65,فروسکیئک,froskéik,vt,1) to straighten; (2) to investigate and straighten out a matter (by determining the truth); (3) to straighten a dead body for burial,2,بوژونیو فروسکیئی پیڅھی لاکھے۔,Clarify your property boundary line once and for all.,
65,فروسکیئک,froskéik,vt,1) to straighten; (2) to investigate and straighten out a matter (by determining the truth); (3) to straighten a dead body for burial,3,فروسکیئکار پروشٹی کوستے کیہ لو نور یلیک۔,"Before determining the truth, one shouldn't say anything to anyone.",
65,فروسکیئک,froskéik,vt,1) to straighten; (2) to investigate and straighten out a matter (by determining the truth); (3) to straighten a dead body for burial,4,لہاز شوخڅیکو توؤ برار توؤ فروسکیتاے۔,"When the patient died, his brother arranged his body for burial.",
65,فروݰیئک,froṣéik,vi,to breathe heavily/noisily through the mouth or nostrils,1,اوریئی اسیکہ ہر کافروݰیر۔,During sleep everyone breathes heavily through the mouth.,
65,فڑَق,fɫaq,adv,"suddenly, at once",1,تھُویکان تیاراوے فڑق ژَنگوتے مَݰکینی۔,Get your rifles ready; they may call us to war suddenly.,
65,فسادی,fesadí,n,quarrel,1,عورتان کھوستو لوؤ سورا دوری فسادی کونیان۔,Women quarrel over minor things in the house.,
65,فسل,fásul,n,crop,1,ہیہ سال وے اُوغیئین فَسُل پولوئیتاے۔,This year because of drought the crops have dried up.,
65,فقط,faqát,adv,exactly,1,مہ ژاو فقط ہے ڈَقوغَون تان۔,My son is exactly like that boy.,
65,فلاَوَسی,falaʋsí,n,"mischief, malicious gossip, backbiting",1,فَلاوَسی کوریک بو لوٹگُناہ۔,To spread malicious gossip is a great sin.,
66,فہماربَیک,fahmár bik,vi,"to become confused,",1,موش فہمار بی اَسقان سوالو تان نو بیتاے۔,The man became confused and wasn't able to answer even a simple question.,
66,فہماربَیک,fahmár bik,vi,"to become confused,",2,ہیہ زمانا روے پایسہ پوشی فہمار بینیان۔,These days people are losing their senses over money.,
66,فیل,fil,n,elephant,1,فیل سفوسار لوٹ ژانوار۔,The elephant is the largest animal of all.,
66,قاچی,qačí,n,scissors,1,قاچیو سورا مہ زَپان پھیرکے۔,Cut out my clothes with scissors.,
66,قاق,qaq,adj,"completely dry, desiccated, dehydrated, thirsty",1,بو مُودا نو بوݰیکین زمین قاق بیتی بی شیر۔,Because of having no rain for a long time the ground is completely dried out.,
66,قاق,qaq,adj,"completely dry, desiccated, dehydrated, thirsty",2,اوا اوغ پیارین قاق بیتی اسوم۔,I am completely dried out from thirst.,
66,قائی,qaí,adj,1) heavy; (2) proud,1,بار مٹ قائی بیتی شیر۔,The load has become heavy for me.,
66,قائی,qaí,adj,1) heavy; (2) proud,2,مہ سو لُو نو دوسان۔ قائی بیتی اسوس۔,You don't want to talk to me; you have become proud.,
66,قبر,qábur,n,"grave, tomb",1,قَبُر پَݰیک اولاتگریو کورُم۔,To dig a grave is a joint work.,
66,قریئک,quréik,vi,to snore,1,پھتی روے اوریئکو سُو تان قُرینی۔,Some people snore as soon as they go to sleep.,
67,قڑوچکَوریک,qɫuč korík,vt,"to swallow (something liquid, or after chewing)",1,بُک ݯھومیکین اوغو قڑوچ کوریکو نو بومان,Because my throat is hurting I cannot swallow water.,
67,قڑینگبَچیئک,qɫing pačéik,vt,"to annoy greatly, to give someone a bad time",1,ہنُون ٹَیکہ دار مُزدورانان قڑینگ پَچیتاے۔,Today the contractor gave the workers a bad time.,
67,قصاب,qasáb,n,butcher,1,قَصاب کیاغ کُݰی اسورا؟,Has the butcher slaughtered anything?,
67,قلاَنگ,qaláng,n,1) (fixed) quantity; (2) fixed tax on land,1,ݰَپیک ہمیشہ ای قلانگہ ژیبیلیک۔,Food should always be eaten in the same quantity.,
67,قلاَنگ,qaláng,n,1) (fixed) quantity; (2) fixed tax on land,2,گُجوران میتاروتے قلانگ دونیان۔,The Gujurs give a fixed grazing land tax to the Mehtar.,
67,قند,qand,n,"mine (metal, coal)",1,ݯھیترارا چُومرو قند بو شینی۔,There are many iron mines in Chitral.,
67,قوََرامہ,quramá,adj,"strange, unique",1,اوا ہنون قُورامہ کورُم پوشی اسوم۔,Today I have seen a strange thing.,
67,قوَروت,qurút,n,"1) dehydrated buttermilk, (2) completely finished",1,قُورُوتو ہر عورت ساوزیئکو نو بوے۔,Not every woman can make dehydrated buttermilk.,
67,قوَروت,qurút,n,"1) dehydrated buttermilk, (2) completely finished",2,"ہورو پایسان ژوتی دی کہ نِشین ہوے، قُورُوت۔","Even if you eat up his money, it is finished.",
67,قوژد,qužd,n,"scream, screech, call, loud voice, shout",1,بیری کاقُوژد کونیان؟,Who are shouting outside?,
67,قون,qon,n,burning coals,1,جواری سوران قونہ پَچیتانی۔,They roasted ears of corn on burning coals.,
67,قوہتکَوریک,qoht korík,vt,to swallow up,1,نَہانگ موشو قوہت اریر۔,The dragon swallowed up the man.,
67,قویئک,qoeék,vt,"to call, summon",1,بیری نِسے۔ کا قویران۔,Come out; someone is calling.,
68,قہرین,qahrén,adj,angry,1,اِمِتحانا فیل بیکو تت مَتے قہرین اسور۔,"On failing in the examination, my father is angry at",
68,قہر,qáhar,n,anger,1,مہ تَتے قَہَر گویان۔,I am feeling angry at you.,
68,قیر,qir,n,1) type of very strong glue made by boiling leather; (2) species of hawk,1,چلائیغار دارتو گنی قیر درے لاکی شیر۔,Cloth has been glued onto the wood.,
68,کا,ka,pron,who (interrogative); someone (indefinite),1,کا تہ مݰکی اسور؟,Who has called you?,
68,کا,ka,pron,who (interrogative); someone (indefinite),2,اسپہ مُوژی کا جَم۔,Who among us is good?,
68,کا,ka,pron,who (interrogative); someone (indefinite),3,کا مہ پایسان الدُو۔,Someone has taken my money.,
68,کار,kar,n,ear,1,مہ ژاوو کار ݯھَموران۔,My son's ear is hurting.,
68,کار,kar,n,ear,2,گوردوغو کار درُونگ بونی۔,A donkey's ears are long.,
68,کاروٹو,karúṭu,adj,deaf,1,مہ اُستاد کاروٹو بیتی اسور۔,My teacher has become deaf.,
68,کاغ,kaγ,n,crow,1,کاغوسار کاغ ژیری تھَرار۔,The crow's offspring is more intelligent than the crow.,
68,کان,kan,n,tree,1,کان شانہ چھاغ کونیان۔,Trees provide shade in the courtyard.,
68,کانو,kánu,adj,"blind, n blind person",1,کانُو کیہ مَݰکیر۔ غیچ۔,What does a blind man want? Eyes.,
69,کاے,kay,n,1) elder sister ('sister' in Lower Chitral); (2) term of respectful address for woman (of approximately the same age/generation or status),1,مہ کاے مہ مَݰکی اسور۔,My elder sister has called me.,
69,کپھینی,kiphíni,n,"wooden spoon, with handle on side",1,ہنیسے پرُشٹیو غون کِپھینیو رِواج نیکی۔,Now the custom of using wooden spoons as in the old days no longer exists.,
69,کٹَوری,kiṭóri,n,dried mulberries,1,مرَݯھان ݯھانی کِٹوری دراوے۔,Shake the mulberry trees and put the mulberries out to dry.,
69,کٹھوک,kuṭhúk,n,stone/pit of fruit,1,ڈَق کُٹھوکان ڈَخینیان۔,The boys are cracking fruit pits.,
69,کرَامیک,kramík,vt,to thresh; n threshing,1,کرامیک شُروغ ہوے۔,Threshing has begun.,
69,کروپھیک,krophík,vi,"to crow (of cock, rooster)",1,نارکُوکُو کروپھیکو ہواز گویان۔,I can hear a cock crowing.,
69,کروٹ,kroṭ,n,"big, thick irregularly shaped piece of wood; fork of tree (not useful for building)",1,"سین کروٹ انگوے، بوغُوزو اِستانیر۔",The river brings a big piece of wood; the frog boasts.,
69,کروݯ,kruc̣,adj,"burned up, consumed (by fire, passion)",1,پَروانہ انگارو غیری کرُوݯ ہوے۔,The moth flew into the flame and was burned to ashes.,
69,کروݯ,kruc̣,adj,"burned up, consumed (by fire, passion)",2,ڈَق کُومورو عشقہ کُروݯ ہوے۔,The boy was consumed with passion for the girl.,
69,کروئیک,kruík,vi,to be temporarily annoyed or estranged from someone,1,تن پیݯ دُوستو سوم ݯتہ ݯتہ کوئین بوے۔,One can become annoyed with one's close friend quickly.,
69,کروَے,krúy,adj,red,1,پھار ہیرا کرُوے پَلوغ شیر۔,There is a red apple over there.,
69,کروَے,krúy,adj,red,2,تہ غیچ کُروے بیتی شینی۔,Your eyes have become red.,
70,کریم,krem,n,upper back,1,تَتے کریم اریتاما؟,Did I turn my back on you?,
70,کرینیک,kreník,vt,"to buy, purchase (item of high price)",1,"نو کرینیرُو ڈَق نو بو، نو اِشتونیرو ژاو نو بوے۔",A slave that has not been purchased cannot be a slave; a son acquired without the pains of childbirth cannot be a real son.,
70,کڑام,kaɫám,n,species of turnip,1,کَڑام ژوڑو سُو ژِیبیکو بو جَم بوے۔,It is good to eat turnips with nuts.,
70,کڑوچی,kuɫúči,n,"chick, young chicken (up to the time when it leaves its mother)",1,کُڑوچی تن ننو گونہ اسونی۔,The chicks are with their mother.,
70,کڑوم,kuɫúm,adj,deep,1,مَڅھی کُڑوم چھَتو ہَل بونی۔,Fish live in deep ponds.,
70,کڑوم,kuɫúm,adj,deep,2,بو کُڑوم لوان تو ہُوݰ نو کوس۔,You don't understand very deep words.,
70,کشون,kušún,n,~ َ household’,1,ہیہ دیہا جوش کُشُون شینی۔,There are ten households in this village.,
70,کݰیپی,kiṣípi,n,magpie,1,کِݰی پیجواری سورو اواے۔,The magpie took away an ear of corn.,
70,کݰیک,kuṣík,vt,to slaughter,1,مَتے کہاک کُݰور۔,Slaughter a hen for me.,
70,کݰیک,kuṣík,vt,to slaughter,2,ہیس تَن پایو کُݰیتاے۔,He slaughtered his goat.,
70,کݰیک,kiṣík,vt,to plow; n plowing,1,زمینداران کِݰیک شُرُوغ ارینی۔,The farmers have begun to plow.,
70,کݰینی,kiṣíni,n,plow,1,پَرانُو زمانا جم جم کِݰینی ساوزیئاو تانی۔,In the old days they used to have good plows made.,
70,کلَکور,kalkór,n,dove,1,کَلکور بیرموغہ نشی اسور۔,The dove is sitting on the walnut tree.,
71,کلیر,kalér,n,"dead body, carcass (of haram animal)",1,رینیو کَلیر پونہ پیڅھی شیر۔,The dead body of a dog is left lying in the road.,
71,کما,kamaá,adj,how many (countable objects),1,تہ کَما ژیژاو اسونی؟,How many sons do you have?,
71,کمَیری,kiméri,n,woman,1,ای کِمیری پونین پھار بَغاے۔,A woman went past along the road.,
71,کنَدوری,kandúri,adj,how much (non-countable objects); how many (countable objects),1,ہیہ سال تہ کَندوری ژو ہونی؟,This year how much was your grain crop?,
71,کنَدوری,kandúri,adj,how much (non-countable objects); how many (countable objects),2,پینسِلین کو نِویشیسان؟,Why are you writing with a pencil?,
71,کوََتیر,kutér,n,knife,1,کُوتیرو سورا پلوغان چھینے۔,Cut the apples with a knife.,
71,کوٹھو,kuṭhú,n,shoulder,1,ہیس کُوٹھُوا لَکھی الاے۔,He/she put it on her/his shoulder and brought it.,
71,کوݯھون,kuc̣hún,n,cover term for round-shaped legumes (e.g. black beans),1,کُوݯھُون کوش بوتی شیر۔,The legumes have formed pods.,
71,کوݯھونیبَوݰیک,kuc̣huní boṣík,vi,to hail,1,کُوݯھُونی بوݰی ژوڑیسپروان یُو غیریتاے۔,It hailed and caused the apricot blossoms to fall.,
71,کورا,kúra,adv,where?,1,ہَمو کُورا لیتاو؟,Where did you find this?,
71,کورکون,kurkún,n,elbow,1,بوہت تُو دیتی مہ کُورکُون ݯھَمیئی شیر۔,"Having hit on a rock, my elbow hurts.",
71,کوریک,korík,vt,to do,1,"کیہ کوریک اسقان، کیہ ژِیبیک زور۔",It is easy to work; it is difficult to eat.,
71,کوڑکََؤوَڑ,koóɫ,n,bone,1,رینی کوڑو ݯاݯیران۔,The dog is gnawing a bone.,
71,کوسیک,kosík,vi,to walk,1,موشو ڈَیک چھیتی کوسیک نو بویان۔,The man cannot walk because his leg is broken.,
72,کوش,koš,n,"pod; blister, callus, swelling",1,بو کوسی مہ پونگ کوش ہونی۔,From walking a lot my feet became blistered.,
72,کوش,koš,n,"pod; blister, callus, swelling",2,شیرجو کوش بوتی شیر۔,The lentils have formed pods.,
72,کومورو,kumóru,n,girl,1,کومورو ہے ڈقو سار عمرا لوٹ۔,The girl is older than that boy.,
72,کووور,kowoór,n,pigeon,1,کووور ݯھیتری ژیبونیان۔,Pigeons are eating in the field.,
72,کوئی,kúi,adv,where (interrogative); somewhere (indefinite),1,کُوئی بیسان؟َ,Where are you going?,
72,کوئی,kúi,adv,where (interrogative); somewhere (indefinite),2,کوئی بی استاو؟,Where did you go?,
72,کوئیت,koít,n,fig,1,کوئیتو اِسپرُوؤ پوشین نو بوے۔,Fig blossoms cannot be seen.,
72,کہاک,kahák,n,hen,1,بیشیر کہاکان کُݰیتانی۔,They slaughtered twenty hens.,
72,کہاک,kahák,n,hen,2,کہاک ائیکون نو درینیان۔,The hens aren't laying eggs.,
72,کی,ki,pron,"which one, adv where",1,مہ حِصّہ کی؟,Which one is my share?,
72,کیاغ,kyaγ interrogative,pron,what?,1,کیاغ مَݰکیسان؟,What do you want?,
72,کیانی,kyáni,adv,how; what,1,ہیت کیانی بونیان؟,What are they doing? ,
72,کیانی,kyáni,adv,how; what,2,"کیانی، کیچہ اسوس؟","How goes it, how are you?",
72,کیڑی,kéɫi,n,sheep,1,کیڑیو قیمت پایو سار کَم بوے۔,The price of a sheep is less than that of a goat.,
72,کیڑیک,keɫík,vi,"to cry, weep",1,کیڑی کیڑی ہورو غیچ کوش بیرُو۔,From weeping continuously his/her eyes swelled up.,
73,کیہوَت,kyáwat,adv,when,1,تُو کیہ وت بیسان؟,When are you going?,
73,کیہوَت,kyáwat,adv,when,2,قلَمان موژی کیوالی کہ تہ خوش کنے۔,Take whichever of the pens you like.,
73,کھاردچی,khardačí,n,"fresh greens, salad",1,ݰَپیکو سو خواہ مَخواہ کھاردَچی ژِیبیلیک۔,One should definitely eat fresh greens with meals.,
73,کھانج,khanj,n,wall,1,مہ خَتانو کھانج اُلُوئی شیر۔,The wall of my room has fallen down.,
73,کھانج,khanj,n,wall,2,مہ ختانو کھانج بی شیر۔,The wall of my house is ruined.,
73,کھانیس,khanís,n,moong beans,1,کھانیس مہ ݯھَمیران۔,The moong beans are giving me a stomach ache.,
73,کھشتی,khiští,n,"1) boat, (2) begging bowl",1,اوا نَوشہرا بی کھِشتیہ نِشیتام۔,I went to Nowshera and sat in a boat.,
73,کھشتی,khiští,n,"1) boat, (2) begging bowl",2,فقیرو گوڑو کھِشتی شیر۔,The mendicant has a begging bowl around his neck.,
73,کھݰَیک,khaṣík,vt,"to rub, to grind by rubbing",1,کوُمورو پُورُو کھَݰیران۔,The girl is grinding burnt goat horn.,
73,کھݰیئک,khaṣéik,vt,to wet/dip bread in moist dish (dzah),1,ݰپیکو شَخہ کھَݰاوے۔,Dip your bread in the cooked vegetable.,
73,کھل,khul,adj,finished,1,ژُوڑی کھُل ہونی۔,The apricots are finished.,
73,کھوٹ,khoṭ,n,cloud,1,اسمانی کھوٹ گَنی شیر۔,The sky has clouded over.,
73,کھوٹبَیک,khoṭ bik,vi,to scold,1,تَت تَن ژاوو سوم بو کھوٹ ہوے۔,The father scolded his son severely.,
74,کھوٹیک,khuṭík,vi,to limp,1,موش کھوٹی پھار بیران۔,"Limping, the man is going over there.",
74,کھور,khur,adj,"weak, dim (of eyesight)",1,پورار یی مہ غیچ کھُور بیتی شینی۔,My eyesight has become weak since last year.,
74,کھوڑی,khóɫi,adj,left; n left-handed (person),1,کھوڑی ہوستین ژِیبیک گُناہ شیر۔,To eat with the left hand is a sin.,
74,کھوڑی,khóɫi,adj,left; n left-handed (person),2,ہے ڈَق کھوڑی اسور۔,That boy is left-handed.,
74,کھوشت,khošt,adj,hidden,1,مہ ژاو کُورا بی کھوشت بیتی اسور۔,My son has gone somewhere and hidden.,
74,کھوََشون,khušún,n,1) smoke; (2) household,1,کھُوشون مہ غیچھان ݯھَمیئی شیر۔,The smoke has hurt my eyes.,
74,کھول,khol,n,threshing floor,1,پھَتی روے ہَنیسے دَیکھولا کرامینیان۔,Some people even today thresh on a threshing floor.,
74,کھوَے,khoy,n,round cap,1,پرُوسٹی عَورتان کھوے سورو دیاوتانی۔,Previously women used to wear caps.,
74,کھین,khen,n,pick-axe,1,کھین زمینداریا بوحَجاتہ گویان۔,A pick-axe is very necessary in agriculture.,
74,گاربین,garbín,adj,pregnant (of animals),1,مہ لیشو گاربین بیتی اسور۔,My cow is pregnant.,
74,گاڑی,gáɫi,n,vehicle,1,گاڑی پشاوروت بیران۔,The vehicle is going to Peshawar.,
74,گاز,gaz,n,"lawn, grass",1,تہ شانہ ݰئیلی گاز شیر۔,There is a nice lawn in your courtyard.,
74,گاز,gaz,n,"lawn, grass",2,لیشو گازان ژیِبویان۔,The cow is eating grass.,
74,گان,gan,n,wind,1,"گان کوے، ݯھان ڑینگُور۔",The wind blows and leaves move.,
75,گݯ,guc̣,n,"foot of a vertical object, intersection of horizontal and vertical surfaces",1,کھانجو گُچہ څیق نشی اسور۔,There is a little child sitting at the foot of the wall.,
75,گدیری,gadéri,adj,"crazy, mad; n mad person",1,گَدیری مہ دویان۔,The mad person is hitting me.,
75,گراس,gras,n,millet,1,گَراس ای فصلو نام۔,Millet is the name of a crop.,
75,گرامبیݰو,grambéṣu,n,neighbor,1,مہ گرامبیݰُو بو جم موش۔,My neighbor is a very good man.,
75,گرانیش,graníš,n,noon time,1,لَچپیلَچ گرانیش یورا مو رپھے۔,Don't stand in the sun at high noon.,
75,گراہ,grah,n,1) snapping turtle; (2) eclipse (solar or lunar),1,اُسناکو سُو اوغو مُوژی گراہ ݯوکیتاے۔,A snapping turtle grabbed the swimmer in the water.,
75,گراہ,grah,n,1) snapping turtle; (2) eclipse (solar or lunar),2,یورا گراہ ݯوکیتاے۔,A solar eclipse began.,
75,گرݰپو,griṣpó,n,summer,1,گرِݰپوؤ وختہ اِشپیرو زَپ انجیلیک۔,In summertime one should wear white clothes.,
75,گرَوان,girwán,n,top part of front of shirt,1,مہ گِروانتُو صدف شینی۔,There are buttons on the front of my shirt.,
75,گروڑی,gurúɫi,n,goiter,1,ہورو بُکہ لوٹ گُروڑی شیر۔,He/she has a big goiter in her/his neck.,
75,گرَواڑوغ,girwaɫóγ,n,peach (tree or fruit),1,گِرواڑوغ پوچی شینی۔,The peaches are ripe.,
75,گرینج,grinj,n,"hulled, uncooked rice",1,باسمَتی گرینج سفان سار اصلی۔,Basmati rice is the best of all.,
75,گڑی,gaɫí,n,"watch, timepiece",1,گڑیا کیہ ٹیم ہوے۔,What time is it on your watch?,
75,گلاس,gilás,n,1) cherry; (2) glass/tumbler (for water) (< Eng.),1,گِلاس ݯھیترارا مئی مَسی پَچوران۔,Cherries ripen in May in Chitral.,
76,گمبوری,gambúri,n,"1) flower; (2) pox (used to avoid naming smallpox, measles or chicken pox by name, to avoid increasing severity of the disease.)",1,تہ ہوستہ گَمبوریو کا تَت دیتی اسور؟,Who has given you the flower in your hand.,
76,گمبوری,gambúri,n,"1) flower; (2) pox (used to avoid naming smallpox, measles or chicken pox by name, to avoid increasing severity of the disease.)",2,څیڅیقان سو گمبوری نسی شینی۔,Pox have come out on the children.,
76,گمیݰ,gaméṣ,n,buffalo,1,گَمیݰ لیشو سار بو ݯھیر دوے۔,A buffalo gives more milk than a cow.,
76,گوخ,gox,n,hollow in a tree trunk,1,کانو گوخو مݯھی ماڑی شیر۔,There is a beehive in the hollow of the tree.,
76,گور,gor,n,"1) witch, (2) grave [burial place]; adj (3) alert",1,ہے ختانی گور اسور۔,There is a witch in that room/house.,
76,گور,gor,n,"1) witch, (2) grave [burial place]; adj (3) alert",2,بیردُو ہنون گوربس بغاے۔,Today the dead person has gone to spend his first night in the grave.,
76,گور,gur,adv,late (in absolute sense),1,تُوسِکُولوتے گُور کو گوسان؟,Why do you come to school late?,
76,گوردوغ,gordóγ,n,"1) donkey, ass; (2) figurative: idiot, stupid person",1,گوردوغو سوری بار بو شینی۔,There is a lot of load on the donkey.,
76,گوردوغ,gordóγ,n,"1) donkey, ass; (2) figurative: idiot, stupid person",2,گوردوغ  ڑوئیران۔,The/a donkey is braying.,
76,گوردوغ,gordóγ,n,"1) donkey, ass; (2) figurative: idiot, stupid person",3,گوردوغ ڑوئی بارا۔,When the donkey brayed he got a burden.,
76,گوردوغ,gordóγ,n,"1) donkey, ass; (2) figurative: idiot, stupid person",4,گوردوغ بیراے۔ مہ لوؤ کیہ پتہ نو پراے۔,He proved to be a very stupid person; he couldn't grasp what I said.,
76,گوڑ,goɫ,n,"throat, neck (from outside)",1,پھُوک ژاو تتو گوڑی ݯوکی اشور۔,The little son is clinging to his father.,
76,گَؤوڑ,goóɫ,n,"ravine, gully",1,ہیہ گوڑو مہ بوژونی شیر۔,In this gully is my property boundary line.,
76,گوسن,gósun,n,"trash, rubbish",1,گوسنان ماژی صفا کورے۔,Sweep up the trash and clean the place.,
77,گوَݰ,goṣ,n,dough,1,ݰپیکوتے گوݰ کونیان۔,They are making dough for bread.,
77,گوݰینی,goṣíni,n,"smooth, flat wooden stick with rounded edges with which dough for bread is turned onto the cooking iron",1,گوݰینیو سورا ݰپیکو اویہتے۔,Turn over the bread with the dough-turning spatula.,
77,گوغ,goγ,n,"bug, insect, worm",1,مہ کھاران گوغ دیتی اسور۔,Bugs have infested my kitchen garden.,
77,گُولَگؤول,goól,n,side valley having a stream with water,1,گولو سوری سیر نیئی اسونی۔,They have built a bridge over the stream.,
77,گوم,goóm,n,wheat,1,گوم کِݰیکو گوم۔ سِری کِݰیکو سِری۔,When you sow wheat you get wheat; when you sow barley you get barley.,
77,گومیت,gomít,n,"brother-in-law (wife's brother, sister's husband, husband's brother, husband's sister's husband)",1,مہ گومیت گیتی اسور۔,My brother-in-law has come.,
77,گون,gon,n,handle; immediate vicinity,1,"بیلتو گون دیتی شیرا، نو؟َ",Has a handle been put on the spade or not?,
77,گون,gon,n,handle; immediate vicinity,2,مہ گونا گیے۔,Come near me.,
77,گونج,gonj,n,"store-room in house, pantry",1,پیݰیرو گونجی لَکھی شیر۔,The flour has been put in the store-room.,
77,گیر,gir,n,saw (tool); (2) adv extremely (of dark),1,تَرکان دارو گیر دویان۔,The carpenter is sawing wood.,
77,گیر,gir,n,saw (tool); (2) adv extremely (of dark),2,گیر چھویو لاٹینار غیر کوسین نو بوے۔,One can't walk on a dark night without a lantern.,
77,گیک,gik,vi,to come,1,اوا دوݰ پشاورار ہاتام۔,I came from Peshawar yesterday.,
77,گیردان,gerdán,n,back of neck,1,ہیس تن بارو مہ گیردانی پراے۔,He/she put her/his burden on my neck.,
78,گیہت,geht,n,dust,1,گان نِسیکو گیہت ٹُونگ ٹانگ بیتی شیر۔,"Because of the wind blowing, thick clouds of dust have arisen.",
78,لاڑو,laɫú,n,species of melon,1,پوچیرو لاڑوؤ لوڑی چھینے۔,Look for a ripe melon and pick it.,
78,لاَغل,láγal,adj,"very good, excellent, beautiful; (2) n spinel (a semi-precious stone, sometimes dark red in color)",1,زپان نگی لاغل اریر۔,He/she washed the clothes and got them beautifully clean.,
78,لاَغل,láγal,adj,"very good, excellent, beautiful; (2) n spinel (a semi-precious stone, sometimes dark red in color)",2,بوہتو موژا ای دانہ لاغل لیتتام۔,Inside the rock I found a spinel crystal.,
78,لاکیک,laákik,vt,1) to divorce; (2) to allow,1,ہیس تن بوکو لاکیتاے۔,He divorced his wife.,
78,لاکیک,laákik,vt,1) to divorce; (2) to allow,2,اواپِشاوروتے بیکو چق مگم تتمہ نو لاکویان۔,I am eager to go to Peshawar but my father isn't allowing me.,
78,لاَو,laʋ,n,fruit,1,پلوغان لاو بو شیر۔,There is a lot of fruit on the apple trees.,
78,لبلبو,lablabú,n,beet,1,لبلبو بوزوالو اشناری۔,The beet is a very tasty thing.,
78,لچھیئک,lačhéik,vt,to boil,1,پشوران جم لچھاوے۔,Boil the meat well.,
78,لژیک,lažék,n,"1) pounded split wheat, (2) boiled dish of split wheat and meat",1,سور پونگان لژیک درا اسونی۔,A dish of head and feet together with split wheat is being cooked.,
78,لش,laš,adv,"quietly, slowly, gently",1,مہ ڈیک ݯھومیکین لش غوزار لکھومان۔,"Because my leg hurts, I am stepping slowly.",
78,لشٹ,lašṭ,adj,"plain, flat",1,لشٹ ژغا ختومان کوریک اسقان۔,It is easy to make a house in a flat place.,
79,لکھیک,lakhík,vt,"to place, put; keep (inanimate object)",1,کتاب ومیزہ لکھی اسوم۔,I have put the book on the table.,
79,لکھیک,lakhík,vt,"to place, put; keep (inanimate object)",2,کہ جم بیراے تن دستہ لکھوم۔,"If it proves good, I will keep it.",
79,لودَیک,lu dik,vt,"to speak, talk",1,اوا تتے لودیکو نو پتوسان۔,"When I speak to you, you are not convinced.",
79,لوٹ,loṭ,adj,"big, large, great",1,خداے سفو سار لوٹ اسور۔,God is the greatest of everything.,
79,لوڅ,loóts,adj,light (in weight),1,لوڅ اشناریو اسنیئک اسقان۔,It is easy to lift a light object.,
79,لوڑیک,loɫík,vt,"to look at, watch",1,ڈق جہازو لڑینیان۔,The boys are watching the plane.,
79,لوسنوک,losnúk,n,"morsel, bite (of food)",1,لوسنوکو پھوک کوریلیک۔,One should take small morsels.,
79,لوسیک,losík,vt,"to take a morsel/bite (of food, e.g. rice)",1,مینو پختی لسونیان۔,The guests are eating morsels of rice.,
79,لوݰیک,loṣík,vt,to singe the feathers of a bird or the hair of an animal (with a hot iron or by holding it in the fire),1,پایو سور پونگان لݰینیان۔,They are singeing the hair of the goat's head and feet.,
79,لوہ,loh,adj,red-hot (of iron),1,موچی چُمرو لوہ کوری دپھیران۔,"Having heated the iron red-hot, the blacksmith is pounding",
79,لوہتیک,lohtík,vi,to roll on the ground (of human or animal),1,ڈق زخمی بیتی ݯھوتیئی لہتوران۔,"The boy, having been wounded, is rolling on the ground.",
79,لہاز,laház,adj,"ill; n sick person, patient",1,لہازو اسپتالہ الانی۔,They took the patient to the hospital.,
80,لیئک,liík,vt,to lick,1,رینی خڅمو پونگتو لیران۔,The dog is licking its master's feet.,
80,لیئک,liík,vt,to lick,2,ہر چھُوچی ݯموٹہ کوراو مݯھی لیمان۔,"Every morning, putting honey on my finger I lick it.",
80,لگَینی,ligíni,n,tongue,1,ہوؤ لگینی نو تھیئوران۔,His/her tongue is never still.,
80,لیپیئک,lepéik,vt,to plaster,1,مزدوران کھانجان لیپینیان۔,The laborers are plastering the walls.,
